date,action,level_now,level_paid,saving_pct,hindsight_best_pct,regret_pct
2022-07-05,CHARTER PARTIALLY,2098.0,1894.75,9.687797902764537,54.003813155386084,44.31601525262155
2022-07-19,CHARTER PARTIALLY,2145.0,1743.6666666666665,18.710178710178717,55.011655011655016,36.3014763014763
2022-08-02,CHARTER PARTIALLY,1817.0,1798.875,0.9975233902036325,46.8904788112273,45.892955421023665
2022-08-16,CHARTER PARTIALLY,1387.0,1622.625,-16.98810382119683,30.4253785147801,47.41348233597693
2022-08-31,CHARTER PARTIALLY,965.0,1291.1666666666665,-33.79965457685664,0.0,33.79965457685664
2022-09-15,CHARTER PARTIALLY,1612.0,1484.75,7.8939205955334995,19.975186104218363,12.081265508684863
2022-09-30,CHARTER PARTIALLY,1760.0,1546.3333333333335,12.140151515151507,34.71590909090909,22.575757575757585
2022-10-17,CHARTER PARTIALLY,1843.0,1642.2,10.895279435702657,37.655995659251225,26.76071622354857
2022-10-31,WAIT,1463.0,1348.1666666666667,7.84916837548416,21.462747778537253,13.613579403053093
2022-11-15,MONITOR MARKET,1300.0,1300.0,0.0,27.23076923076923,27.23076923076923
2022-11-30,CHARTER PARTIALLY,1355.0,1020.1666666666667,24.71094710947109,50.11070110701107,25.399753997539978
2022-12-14,CHARTER NOW,1401.0,1401.0,0.0,57.74446823697359,57.74446823697359
2023-01-05,CHARTER PARTIALLY,1146.0,888.8571428571429,22.438294689603588,53.752181500872595,31.313886811269008
2023-01-20,CHARTER PARTIALLY,763.0,702.8571428571429,7.882419022654929,30.53735255570118,22.65493353304625
2023-02-03,MONITOR MARKET,621.0,621.0,0.0,14.653784219001611,14.653784219001611
2023-02-17,CHARTER NOW,538.0,538.0,0.0,0.0,0.0
2023-03-06,CHARTER NOW,1258.0,1258.0,0.0,0.0,0.0
2023-03-20,CHARTER PARTIALLY,1542.0,1479.8,4.0337224383917025,11.284046692607005,7.250324254215302
2023-04-03,CHARTER NOW,1412.0,1412.0,0.0,34.915014164305944,34.915014164305944
2023-04-19,CHARTER NOW,1372.0,1372.0,0.0,33.01749271137026,33.01749271137026
2023-05-04,CHARTER NOW,1545.0,1545.0,0.0,40.517799352750814,40.517799352750814
2023-05-19,MONITOR MARKET,1384.0,1384.0,0.0,33.59826589595375,33.59826589595375
2023-06-05,CHARTER PARTIALLY,939.0,1035.9,-10.319488817891385,0.0,10.319488817891385
2023-06-20,MONITOR MARKET,1078.0,1078.0,0.0,10.760667903525047,10.760667903525047
2023-07-05,CHARTER PARTIALLY,994.0,1064.9285714285716,-7.135671169876415,3.2193158953722336,10.354987065248649
2023-07-19,CHARTER PARTIALLY,1004.0,1104.5,-10.00996015936255,4.183266932270916,14.193227091633466
2023-08-02,CHARTER PARTIALLY,1123.0,1423.0,-26.714158504007123,5.342831700801424,32.05699020480855
2023-08-16,CHARTER NOW,1233.0,1233.0,0.0,13.7875101378751,13.7875101378751
2023-08-31,CHARTER PARTIALLY,1086.0,1330.8333333333335,-22.544505831798663,2.117863720073665,24.662369551872327
2023-09-15,CHARTER NOW,1381.0,1381.0,0.0,0.0,0.0
2023-09-29,CHARTER PARTIALLY,1701.0,1975.8333333333333,-16.157162453458746,18.577307466196356,34.7344699196551
2023-10-16,CHARTER PARTIALLY,1972.0,2211.7,-12.155172413793094,29.766734279918865,41.92190669371196
2023-10-30,CHARTER PARTIALLY,1502.0,,,7.789613848202396,
2023-11-14,CHARTER PARTIALLY,1662.0,1650.125,0.7145006016847172,12.154031287605296,11.439530685920579
2023-11-29,CHARTER PARTIALLY,2696.0,2102.0,22.032640949554896,51.48367952522255,29.451038575667653
2023-12-13,WAIT,2438.0,1649.8333333333333,32.32841126606508,46.34946677604594,14.021055509980854
2024-01-04,CHARTER PARTIALLY,2086.0,1759.357142857143,15.658813861114915,37.29626078619368,21.637446925078763
2024-01-19,CHARTER NOW,1503.0,1503.0,0.0,7.651363938789088,7.651363938789088
2024-02-02,CHARTER NOW,1407.0,1407.0,0.0,0.0,0.0
2024-02-16,CHARTER NOW,1610.0,1610.0,0.0,2.484472049689441,2.484472049689441
2024-03-04,CHARTER NOW,2297.0,2297.0,0.0,31.649978232477142,31.649978232477142
2024-03-18,CHARTER NOW,2419.0,2419.0,0.0,35.09714758164531,35.09714758164531
2024-04-03,CHARTER NOW,1711.0,1711.0,0.0,8.240794856808883,8.240794856808883
2024-04-17,CHARTER NOW,1844.0,1844.0,0.0,8.676789587852495,8.676789587852495
2024-05-01,CHARTER PARTIALLY,1688.0,1744.9166666666665,-3.3718404423380637,0.0,3.3718404423380637
2024-05-16,CHARTER PARTIALLY,1817.0,1864.0,-2.5866813428728674,1.8161805173362684,4.402861860209136
2024-05-31,CHARTER PARTIALLY,1815.0,1861.0,-2.5344352617079893,2.9201101928374653,5.454545454545455
2024-06-14,CHARTER NOW,1948.0,1948.0,0.0,15.041067761806982,15.041067761806982
2024-07-01,CHARTER NOW,2158.0,2158.0,0.0,23.308619091751623,23.308619091751623
2024-07-16,CHARTER PARTIALLY,1942.0,1839.1666666666665,5.295228286989366,14.77857878475798,9.483350497768615
2024-07-30,CHARTER PARTIALLY,1762.0,1723.1666666666665,2.2039349224366336,6.072644721906924,3.8687097994702904
2024-08-13,CHARTER NOW,1670.0,1670.0,0.0,0.0,0.0
2024-08-28,CHARTER NOW,1755.0,1755.0,0.0,19.65811965811966,19.65811965811966
2024-09-12,CHARTER PARTIALLY,1927.0,1700.0,11.779968863518423,28.697457187337832,16.91748832381941
2024-09-26,CHARTER NOW,2091.0,2091.0,0.0,34.28981348637016,34.28981348637016
2024-10-10,CHARTER PARTIALLY,1790.0,1477.5,17.45810055865922,35.19553072625698,17.737430167597765
2024-10-25,CHARTER PARTIALLY,1410.0,1201.8333333333333,14.763593380614662,30.78014184397163,16.01654846335697
2024-11-08,CHARTER PARTIALLY,1495.0,1269.1666666666665,15.105908584169464,34.71571906354515,19.60981047937569
2024-11-25,WAIT,1529.0,855.75,44.03204708960104,49.117069980379334,5.085022890778291
2024-12-10,CHARTER PARTIALLY,1156.0,969.5,16.133217993079583,38.148788927335644,22.01557093425606
2024-12-24,CHARTER PARTIALLY,997.0,916.9,8.034102306920765,28.284854563691077,20.250752256770312
2025-01-15,CHARTER PARTIALLY,1063.0,931.4166666666667,12.378488554405763,32.73753527751646,20.359046723110694
2025-01-30,CHARTER PARTIALLY,715.0,753.3,-5.3566433566433505,0.0,5.3566433566433505
2025-02-13,CHARTER NOW,780.0,780.0,0.0,0.0,0.0
2025-02-28,CHARTER NOW,1229.0,1229.0,0.0,0.08136696501220504,0.08136696501220504
2025-03-14,CHARTER PARTIALLY,1669.0,1466.5714285714284,12.128734058033046,25.644098262432596,13.51536420439955
2025-03-28,CHARTER PARTIALLY,1602.0,1450.2857142857142,9.470304975922957,22.534332084893883,13.064027108970926
2025-04-11,CHARTER NOW,1274.0,1274.0,0.0,2.5902668759811616,2.5902668759811616
2025-04-29,MONITOR MARKET,1398.0,1398.0,0.0,9.370529327610873,9.370529327610873
2025-05-14,MONITOR MARKET,1267.0,1267.0,0.0,0.0,0.0
2025-05-29,CHARTER NOW,1353.0,1353.0,0.0,0.0,0.0
2025-06-12,CHARTER NOW,1904.0,1904.0,0.0,25.262605042016805,25.262605042016805
2025-06-27,CHARTER PARTIALLY,1521.0,1551.0,-1.9723865877712032,6.443129520052597,8.4155161078238
2025-07-14,CHARTER NOW,1783.0,1783.0,0.0,0.0,0.0
2025-07-28,CHARTER PARTIALLY,2226.0,2129.125,4.351976639712489,14.959568733153638,10.607592093441149
2025-08-11,CHARTER PARTIALLY,2038.0,2016.1666666666665,1.071311743539425,7.114818449460255,6.04350670592083
2025-08-26,CHARTER NOW,2041.0,2041.0,0.0,6.859382655561,6.859382655561
2025-09-10,CHARTER NOW,2112.0,2112.0,0.0,9.990530303030303,9.990530303030303
2025-09-24,CHARTER NOW,2240.0,2240.0,0.0,15.133928571428571,15.133928571428571
2025-10-08,CHARTER PARTIALLY,1963.0,2379.166666666667,-21.200543385973866,2.0376974019358127,23.238240787909678
2025-10-24,CHARTER PARTIALLY,1991.0,1977.3333333333335,0.6864222333835517,5.123053741838272,4.43663150845472
2025-11-07,CHARTER PARTIALLY,2104.0,1979.1666666666665,5.9331432192649,13.022813688212928,7.089670468948028
2025-11-24,CHARTER PARTIALLY,2295.0,2029.375,11.574074074074074,33.24618736383442,21.672113289760347
2025-12-09,WAIT,2557.0,1960.5,23.328118889323427,40.08603832616347,16.75791943684004
2025-12-23,CHARTER PARTIALLY,1889.0,1972.0,-4.393859184753838,18.898888300688192,23.292747485442028
2026-01-14,CHARTER PARTIALLY,1566.0,1777.5,-13.505747126436782,2.1711366538952745,15.676883780332057
2026-01-29,CHARTER NOW,2002.0,2002.0,0.0,5.994005994005994,5.994005994005994
2026-02-12,CHARTER NOW,2095.0,2095.0,0.0,8.400954653937948,8.400954653937948
2026-02-27,CHARTER NOW,2140.0,2140.0,0.0,10.327102803738319,10.327102803738319
2026-03-13,CHARTER NOW,2028.0,2028.0,0.0,1.9230769230769231,1.9230769230769231
2026-03-27,CHARTER NOW,2031.0,2031.0,0.0,1.7725258493353029,1.7725258493353029
2026-04-14,CHARTER NOW,2354.0,2354.0,0.0,0.0,0.0
2026-04-28,MONITOR MARKET,2677.0,2677.0,0.0,5.715353007097497,5.715353007097497
2026-05-13,CHARTER PARTIALLY,3189.0,2985.0,6.3969896519285045,21.91909689557855,15.522107243650048
2026-05-28,CHARTER PARTIALLY,3226.0,2973.666666666667,7.821864021492034,22.814631122132674,14.992767100640641
2026-06-16,CHARTER PARTIALLY,2670.0,2796.5,-4.737827715355805,6.741573033707865,11.47940074906367
2026-07-01,CHARTER PARTIALLY,2562.0,2839.166666666667,-10.818371064272716,0.0,10.818371064272716
