Date,Price,Open,High,Low,Vol.,Change %
01/02/2020,1003.0,1003.0,1003.0,1003.0,,-10.21%
01/03/2020,949.0,949.0,949.0,949.0,,-5.38%
01/06/2020,890.0,890.0,890.0,890.0,,-6.22%
01/07/2020,845.0,845.0,845.0,845.0,,-5.06%
01/08/2020,803.0,803.0,803.0,803.0,,-4.97%
01/09/2020,785.0,785.0,785.0,785.0,,-2.24%
01/10/2020,771.0,771.0,771.0,771.0,,-1.78%
01/13/2020,759.0,759.0,759.0,759.0,,-1.56%
01/14/2020,767.0,767.0,767.0,767.0,,1.05%
01/15/2020,825.0,825.0,825.0,825.0,,7.56%
01/16/2020,859.0,859.0,859.0,859.0,,4.12%
01/17/2020,870.0,870.0,870.0,870.0,,1.28%
01/20/2020,866.0,866.0,866.0,866.0,,-0.46%
01/21/2020,824.0,824.0,824.0,824.0,,-4.85%
01/22/2020,760.0,760.0,760.0,760.0,,-7.77%
01/23/2020,714.0,714.0,714.0,714.0,,-6.05%
01/24/2020,691.0,691.0,691.0,691.0,,-3.22%
01/27/2020,673.0,673.0,673.0,673.0,,-2.60%
01/28/2020,651.0,651.0,651.0,651.0,,-3.27%
01/29/2020,627.0,627.0,627.0,627.0,,-3.69%
01/30/2020,595.0,595.0,595.0,595.0,,-5.10%
01/31/2020,574.0,574.0,574.0,574.0,,-3.53%
02/03/2020,546.0,546.0,546.0,546.0,,-4.88%
02/04/2020,526.0,526.0,526.0,526.0,,-3.66%
02/05/2020,520.0,520.0,520.0,520.0,,-1.14%
02/06/2020,530.0,530.0,530.0,530.0,,1.92%
02/07/2020,541.0,541.0,541.0,541.0,,2.08%
02/10/2020,546.0,546.0,546.0,546.0,,0.92%
02/11/2020,557.0,557.0,557.0,557.0,,2.01%
02/12/2020,582.0,582.0,582.0,582.0,,4.49%
02/13/2020,612.0,612.0,612.0,612.0,,5.15%
02/14/2020,636.0,636.0,636.0,636.0,,3.92%
02/17/2020,657.0,657.0,657.0,657.0,,3.30%
02/18/2020,690.0,690.0,690.0,690.0,,5.02%
02/19/2020,722.0,722.0,722.0,722.0,,4.64%
02/20/2020,755.0,755.0,755.0,755.0,,4.57%
02/21/2020,787.0,787.0,787.0,787.0,,4.24%
02/24/2020,811.0,811.0,811.0,811.0,,3.05%
02/25/2020,830.0,830.0,830.0,830.0,,2.34%
02/26/2020,859.0,859.0,859.0,859.0,,3.49%
02/27/2020,886.0,886.0,886.0,886.0,,3.14%
02/28/2020,905.0,905.0,905.0,905.0,,2.14%
03/02/2020,915.0,915.0,915.0,915.0,,1.10%
03/03/2020,935.0,935.0,935.0,935.0,,2.19%
03/04/2020,961.0,961.0,961.0,961.0,,2.78%
03/05/2020,1026.0,1026.0,1026.0,1026.0,,6.76%
03/06/2020,1068.0,1068.0,1068.0,1068.0,,4.09%
03/09/2020,1067.0,1067.0,1067.0,1067.0,,-0.09%
03/10/2020,1064.0,1064.0,1064.0,1064.0,,-0.28%
03/11/2020,1057.0,1057.0,1057.0,1057.0,,-0.66%
03/12/2020,1035.0,1035.0,1035.0,1035.0,,-2.08%
03/13/2020,1007.0,1007.0,1007.0,1007.0,,-2.71%
03/16/2020,970.0,970.0,970.0,970.0,,-3.67%
03/17/2020,930.0,930.0,930.0,930.0,,-4.12%
03/18/2020,886.0,886.0,886.0,886.0,,-4.73%
03/19/2020,850.0,850.0,850.0,850.0,,-4.06%
03/20/2020,807.0,807.0,807.0,807.0,,-5.06%
03/23/2020,774.0,774.0,774.0,774.0,,-4.09%
03/24/2020,746.0,746.0,746.0,746.0,,-3.62%
03/25/2020,720.0,720.0,720.0,720.0,,-3.49%
03/26/2020,715.0,715.0,715.0,715.0,,-0.69%
03/27/2020,729.0,729.0,729.0,729.0,,1.96%
03/30/2020,732.0,732.0,732.0,732.0,,0.41%
03/31/2020,757.0,757.0,757.0,757.0,,3.42%
04/01/2020,783.0,783.0,783.0,783.0,,3.43%
04/02/2020,792.0,792.0,792.0,792.0,,1.15%
04/03/2020,797.0,797.0,797.0,797.0,,0.63%
04/06/2020,801.0,801.0,801.0,801.0,,0.50%
04/07/2020,800.0,800.0,800.0,800.0,,-0.12%
04/08/2020,805.0,805.0,805.0,805.0,,0.63%
04/09/2020,813.0,813.0,813.0,813.0,,0.99%
04/14/2020,818.0,818.0,818.0,818.0,,0.62%
04/15/2020,820.0,820.0,820.0,820.0,,0.24%
04/16/2020,821.0,821.0,821.0,821.0,,0.12%
04/17/2020,825.0,825.0,825.0,825.0,,0.49%
04/20/2020,822.0,822.0,822.0,822.0,,-0.36%
04/21/2020,804.0,804.0,804.0,804.0,,-2.19%
04/22/2020,778.0,778.0,778.0,778.0,,-3.23%
04/23/2020,759.0,759.0,759.0,759.0,,-2.44%
04/24/2020,747.0,747.0,747.0,747.0,,-1.58%
04/27/2020,741.0,741.0,741.0,741.0,,-0.80%
04/28/2020,731.0,731.0,731.0,731.0,,-1.35%
04/29/2020,720.0,720.0,720.0,720.0,,-1.50%
04/30/2020,711.0,711.0,711.0,711.0,,-1.25%
05/01/2020,704.0,704.0,704.0,704.0,,-0.98%
05/04/2020,702.0,702.0,702.0,702.0,,-0.28%
05/05/2020,692.0,692.0,692.0,692.0,,-1.42%
05/06/2020,678.0,678.0,678.0,678.0,,-2.02%
05/07/2020,667.0,667.0,667.0,667.0,,-1.62%
05/11/2020,658.0,658.0,658.0,658.0,,-1.35%
05/12/2020,645.0,645.0,645.0,645.0,,-1.98%
05/13/2020,628.0,628.0,628.0,628.0,,-2.64%
05/14/2020,614.0,614.0,614.0,614.0,,-2.23%
05/15/2020,603.0,603.0,603.0,603.0,,-1.79%
05/18/2020,599.0,599.0,599.0,599.0,,-0.66%
05/19/2020,599.0,599.0,599.0,599.0,,0.00%
05/20/2020,607.0,607.0,607.0,607.0,,1.34%
05/21/2020,623.0,623.0,623.0,623.0,,2.64%
05/22/2020,635.0,635.0,635.0,635.0,,1.93%
05/26/2020,656.0,656.0,656.0,656.0,,3.31%
05/27/2020,689.0,689.0,689.0,689.0,,5.03%
05/28/2020,720.0,720.0,720.0,720.0,,4.50%
05/29/2020,754.0,754.0,754.0,754.0,,4.72%
06/01/2020,777.0,777.0,777.0,777.0,,3.05%
06/02/2020,795.0,795.0,795.0,795.0,,2.32%
06/03/2020,809.0,809.0,809.0,809.0,,1.76%
06/04/2020,815.0,815.0,815.0,815.0,,0.74%
06/05/2020,814.0,814.0,814.0,814.0,,-0.12%
06/08/2020,809.0,809.0,809.0,809.0,,-0.61%
06/09/2020,799.0,799.0,799.0,799.0,,-1.24%
06/10/2020,796.0,796.0,796.0,796.0,,-0.38%
06/11/2020,821.0,821.0,821.0,821.0,,3.14%
06/12/2020,852.0,852.0,852.0,852.0,,3.78%
06/15/2020,884.0,884.0,884.0,884.0,,3.76%
06/16/2020,949.0,949.0,949.0,949.0,,7.35%
06/17/2020,1019.0,1019.0,1019.0,1019.0,,7.38%
06/18/2020,1117.0,1117.0,1117.0,1117.0,,9.62%
06/19/2020,1178.0,1178.0,1178.0,1178.0,,5.46%
06/22/2020,1204.0,1204.0,1204.0,1204.0,,2.21%
06/23/2020,1222.0,1222.0,1222.0,1222.0,,1.50%
06/24/2020,1245.0,1245.0,1245.0,1245.0,,1.88%
06/25/2020,1253.0,1253.0,1253.0,1253.0,,0.64%
06/26/2020,1256.0,1256.0,1256.0,1256.0,,0.24%
06/29/2020,1256.0,1256.0,1256.0,1256.0,,0.00%
06/30/2020,1257.0,1257.0,1257.0,1257.0,,0.08%
07/01/2020,1255.0,1255.0,1255.0,1255.0,,-0.16%
07/02/2020,1257.0,1257.0,1257.0,1257.0,,0.16%
07/03/2020,1316.0,1316.0,1316.0,1316.0,,4.69%
07/06/2020,1376.0,1376.0,1376.0,1376.0,,4.56%
07/07/2020,1457.0,1457.0,1457.0,1457.0,,5.89%
07/08/2020,1517.0,1517.0,1517.0,1517.0,,4.12%
07/09/2020,1557.0,1557.0,1557.0,1557.0,,2.64%
07/10/2020,1587.0,1587.0,1587.0,1587.0,,1.93%
07/13/2020,1597.0,1597.0,1597.0,1597.0,,0.63%
07/14/2020,1597.0,1597.0,1597.0,1597.0,,0.00%
07/15/2020,1579.0,1579.0,1579.0,1579.0,,-1.13%
07/16/2020,1544.0,1544.0,1544.0,1544.0,,-2.22%
07/17/2020,1504.0,1504.0,1504.0,1504.0,,-2.59%
07/20/2020,1465.0,1465.0,1465.0,1465.0,,-2.59%
07/21/2020,1415.0,1415.0,1415.0,1415.0,,-3.41%
07/22/2020,1335.0,1335.0,1335.0,1335.0,,-5.65%
07/23/2020,1263.0,1263.0,1263.0,1263.0,,-5.39%
07/24/2020,1198.0,1198.0,1198.0,1198.0,,-5.15%
07/27/2020,1161.0,1161.0,1161.0,1161.0,,-3.09%
07/28/2020,1136.0,1136.0,1136.0,1136.0,,-2.15%
07/29/2020,1166.0,1166.0,1166.0,1166.0,,2.64%
07/30/2020,1203.0,1203.0,1203.0,1203.0,,3.17%
07/31/2020,1227.0,1227.0,1227.0,1227.0,,2.00%
08/03/2020,1254.0,1254.0,1254.0,1254.0,,2.20%
08/04/2020,1316.0,1316.0,1316.0,1316.0,,4.94%
08/05/2020,1410.0,1410.0,1410.0,1410.0,,7.14%
08/06/2020,1494.0,1494.0,1494.0,1494.0,,5.96%
08/07/2020,1563.0,1563.0,1563.0,1563.0,,4.62%
08/10/2020,1600.0,1600.0,1600.0,1600.0,,2.37%
08/11/2020,1671.0,1671.0,1671.0,1671.0,,4.44%
08/12/2020,1747.0,1747.0,1747.0,1747.0,,4.55%
08/13/2020,1797.0,1797.0,1797.0,1797.0,,2.86%
08/14/2020,1824.0,1824.0,1824.0,1824.0,,1.50%
08/17/2020,1819.0,1819.0,1819.0,1819.0,,-0.27%
08/18/2020,1798.0,1798.0,1798.0,1798.0,,-1.15%
08/19/2020,1757.0,1757.0,1757.0,1757.0,,-2.28%
08/20/2020,1700.0,1700.0,1700.0,1700.0,,-3.24%
08/21/2020,1653.0,1653.0,1653.0,1653.0,,-2.76%
08/24/2020,1632.0,1632.0,1632.0,1632.0,,-1.27%
08/25/2020,1629.0,1629.0,1629.0,1629.0,,-0.18%
08/26/2020,1616.0,1616.0,1616.0,1616.0,,-0.80%
08/27/2020,1619.0,1619.0,1619.0,1619.0,,0.19%
08/28/2020,1617.0,1617.0,1617.0,1617.0,,-0.12%
09/01/2020,1604.0,1604.0,1604.0,1604.0,,-0.80%
09/02/2020,1568.0,1568.0,1568.0,1568.0,,-2.24%
09/03/2020,1515.0,1515.0,1515.0,1515.0,,-3.38%
09/04/2020,1473.0,1473.0,1473.0,1473.0,,-2.77%
09/07/2020,1449.0,1449.0,1449.0,1449.0,,-1.63%
09/08/2020,1414.0,1414.0,1414.0,1414.0,,-2.42%
09/09/2020,1370.0,1370.0,1370.0,1370.0,,-3.11%
09/10/2020,1337.0,1337.0,1337.0,1337.0,,-2.41%
09/11/2020,1313.0,1313.0,1313.0,1313.0,,-1.80%
09/14/2020,1300.0,1300.0,1300.0,1300.0,,-0.99%
09/15/2020,1296.0,1296.0,1296.0,1296.0,,-0.31%
09/16/2020,1299.0,1299.0,1299.0,1299.0,,0.23%
09/17/2020,1305.0,1305.0,1305.0,1305.0,,0.46%
09/18/2020,1315.0,1315.0,1315.0,1315.0,,0.77%
09/21/2020,1321.0,1321.0,1321.0,1321.0,,0.46%
09/22/2020,1326.0,1326.0,1326.0,1326.0,,0.38%
09/23/2020,1339.0,1339.0,1339.0,1339.0,,0.98%
09/24/2020,1361.0,1361.0,1361.0,1361.0,,1.64%
09/25/2020,1380.0,1380.0,1380.0,1380.0,,1.40%
09/28/2020,1390.0,1390.0,1390.0,1390.0,,0.72%
09/29/2020,1391.0,1391.0,1391.0,1391.0,,0.07%
09/30/2020,1374.0,1374.0,1374.0,1374.0,,-1.22%
10/01/2020,1364.0,1364.0,1364.0,1364.0,,-0.73%
10/02/2020,1373.0,1373.0,1373.0,1373.0,,0.66%
10/05/2020,1383.0,1383.0,1383.0,1383.0,,0.73%
10/06/2020,1394.0,1394.0,1394.0,1394.0,,0.80%
10/07/2020,1410.0,1410.0,1410.0,1410.0,,1.15%
10/08/2020,1428.0,1428.0,1428.0,1428.0,,1.28%
10/09/2020,1439.0,1439.0,1439.0,1439.0,,0.77%
10/12/2020,1443.0,1443.0,1443.0,1443.0,,0.28%
10/13/2020,1436.0,1436.0,1436.0,1436.0,,-0.49%
10/14/2020,1413.0,1413.0,1413.0,1413.0,,-1.60%
10/15/2020,1365.0,1365.0,1365.0,1365.0,,-3.40%
10/16/2020,1323.0,1323.0,1323.0,1323.0,,-3.08%
10/19/2020,1298.0,1298.0,1298.0,1298.0,,-1.89%
10/20/2020,1273.0,1273.0,1273.0,1273.0,,-1.93%
10/21/2020,1257.0,1257.0,1257.0,1257.0,,-1.26%
10/22/2020,1255.0,1255.0,1255.0,1255.0,,-0.16%
10/23/2020,1274.0,1274.0,1274.0,1274.0,,1.51%
10/26/2020,1291.0,1291.0,1291.0,1291.0,,1.33%
10/27/2020,1295.0,1295.0,1295.0,1295.0,,0.31%
10/28/2020,1300.0,1300.0,1300.0,1300.0,,0.39%
10/29/2020,1297.0,1297.0,1297.0,1297.0,,-0.23%
10/30/2020,1289.0,1289.0,1289.0,1289.0,,-0.62%
11/02/2020,1275.0,1275.0,1275.0,1275.0,,-1.09%
11/03/2020,1250.0,1250.0,1250.0,1250.0,,-1.96%
11/04/2020,1231.0,1231.0,1231.0,1231.0,,-1.52%
11/05/2020,1209.0,1209.0,1209.0,1209.0,,-1.79%
11/06/2020,1190.0,1190.0,1190.0,1190.0,,-1.57%
11/09/2020,1181.0,1181.0,1181.0,1181.0,,-0.76%
11/10/2020,1170.0,1170.0,1170.0,1170.0,,-0.93%
11/11/2020,1165.0,1165.0,1165.0,1165.0,,-0.43%
11/12/2020,1177.0,1177.0,1177.0,1177.0,,1.03%
11/13/2020,1198.0,1198.0,1198.0,1198.0,,1.78%
11/16/2020,1214.0,1214.0,1214.0,1214.0,,1.34%
11/17/2020,1252.0,1252.0,1252.0,1252.0,,3.13%
11/18/2020,1291.0,1291.0,1291.0,1291.0,,3.12%
11/19/2020,1326.0,1326.0,1326.0,1326.0,,2.71%
11/20/2020,1353.0,1353.0,1353.0,1353.0,,2.04%
11/23/2020,1384.0,1384.0,1384.0,1384.0,,2.29%
11/24/2020,1398.0,1398.0,1398.0,1398.0,,1.01%
11/25/2020,1413.0,1413.0,1413.0,1413.0,,1.07%
11/26/2020,1426.0,1426.0,1426.0,1426.0,,0.92%
11/27/2020,1429.0,1429.0,1429.0,1429.0,,0.21%
11/30/2020,1427.0,1427.0,1427.0,1427.0,,-0.14%
12/01/2020,1410.0,1410.0,1410.0,1410.0,,-1.19%
12/02/2020,1379.0,1379.0,1379.0,1379.0,,-2.20%
12/03/2020,1345.0,1345.0,1345.0,1345.0,,-2.47%
12/04/2020,1331.0,1331.0,1331.0,1331.0,,-1.04%
12/07/2020,1325.0,1325.0,1325.0,1325.0,,-0.45%
12/08/2020,1344.0,1344.0,1344.0,1344.0,,1.43%
12/09/2020,1388.0,1388.0,1388.0,1388.0,,3.27%
12/10/2020,1427.0,1427.0,1427.0,1427.0,,2.81%
12/11/2020,1465.0,1465.0,1465.0,1465.0,,2.66%
12/14/2020,1485.0,1485.0,1485.0,1485.0,,1.37%
12/15/2020,1491.0,1491.0,1491.0,1491.0,,0.40%
12/16/2020,1466.0,1466.0,1466.0,1466.0,,-1.68%
12/17/2020,1433.0,1433.0,1433.0,1433.0,,-2.25%
12/18/2020,1402.0,1402.0,1402.0,1402.0,,-2.16%
12/21/2020,1377.0,1377.0,1377.0,1377.0,,-1.78%
12/22/2020,1352.0,1352.0,1352.0,1352.0,,-1.82%
12/23/2020,1333.0,1333.0,1333.0,1333.0,,-1.41%
12/24/2020,1325.0,1325.0,1325.0,1325.0,,-0.60%
01/04/2021,1364.0,1364.0,1364.0,1364.0,,2.94%
01/05/2021,1422.0,1422.0,1422.0,1422.0,,4.25%
01/06/2021,1463.0,1463.0,1463.0,1463.0,,2.88%
01/07/2021,1504.0,1504.0,1504.0,1504.0,,2.80%
01/08/2021,1559.0,1559.0,1559.0,1559.0,,3.66%
01/11/2021,1620.0,1620.0,1620.0,1620.0,,3.91%
01/12/2021,1645.0,1645.0,1645.0,1645.0,,1.54%
01/13/2021,1645.0,1645.0,1645.0,1645.0,,0.00%
01/14/2021,1618.0,1618.0,1618.0,1618.0,,-1.64%
01/15/2021,1616.0,1616.0,1616.0,1616.0,,-0.12%
01/18/2021,1618.0,1618.0,1618.0,1618.0,,0.12%
01/19/2021,1612.0,1612.0,1612.0,1612.0,,-0.37%
01/20/2021,1617.0,1617.0,1617.0,1617.0,,0.31%
01/21/2021,1639.0,1639.0,1639.0,1639.0,,1.36%
01/22/2021,1659.0,1659.0,1659.0,1659.0,,1.22%
01/25/2021,1665.0,1665.0,1665.0,1665.0,,0.36%
01/26/2021,1660.0,1660.0,1660.0,1660.0,,-0.30%
01/27/2021,1645.0,1645.0,1645.0,1645.0,,-0.90%
01/28/2021,1631.0,1631.0,1631.0,1631.0,,-0.85%
01/29/2021,1633.0,1633.0,1633.0,1633.0,,0.12%
02/01/2021,1630.0,1630.0,1630.0,1630.0,,-0.18%
02/02/2021,1624.0,1624.0,1624.0,1624.0,,-0.37%
02/03/2021,1623.0,1623.0,1623.0,1623.0,,-0.06%
02/04/2021,1629.0,1629.0,1629.0,1629.0,,0.37%
02/05/2021,1662.0,1662.0,1662.0,1662.0,,2.03%
02/08/2021,1689.0,1689.0,1689.0,1689.0,,1.62%
02/09/2021,1740.0,1740.0,1740.0,1740.0,,3.02%
02/10/2021,1797.0,1797.0,1797.0,1797.0,,3.28%
02/11/2021,1871.0,1871.0,1871.0,1871.0,,4.12%
02/12/2021,1944.0,1944.0,1944.0,1944.0,,3.90%
02/15/2021,1997.0,1997.0,1997.0,1997.0,,2.73%
02/16/2021,2172.0,2172.0,2172.0,2172.0,,8.76%
02/17/2021,2518.0,2518.0,2518.0,2518.0,,15.93%
02/18/2021,2471.0,2471.0,2471.0,2471.0,,-1.87%
02/19/2021,2332.0,2332.0,2332.0,2332.0,,-5.63%
02/22/2021,2321.0,2321.0,2321.0,2321.0,,-0.47%
02/23/2021,2306.0,2306.0,2306.0,2306.0,,-0.65%
02/24/2021,2276.0,2276.0,2276.0,2276.0,,-1.30%
02/25/2021,2208.0,2208.0,2208.0,2208.0,,-2.99%
02/26/2021,2140.0,2140.0,2140.0,2140.0,,-3.08%
03/01/2021,2086.0,2086.0,2086.0,2086.0,,-2.52%
03/02/2021,2100.0,2100.0,2100.0,2100.0,,0.67%
03/03/2021,2161.0,2161.0,2161.0,2161.0,,2.90%
03/04/2021,2212.0,2212.0,2212.0,2212.0,,2.36%
03/05/2021,2241.0,2241.0,2241.0,2241.0,,1.31%
03/08/2021,2258.0,2258.0,2258.0,2258.0,,0.76%
03/09/2021,2238.0,2238.0,2238.0,2238.0,,-0.89%
03/10/2021,2218.0,2218.0,2218.0,2218.0,,-0.89%
03/11/2021,2217.0,2217.0,2217.0,2217.0,,-0.05%
03/12/2021,2242.0,2242.0,2242.0,2242.0,,1.13%
03/15/2021,2272.0,2272.0,2272.0,2272.0,,1.34%
03/16/2021,2372.0,2372.0,2372.0,2372.0,,4.40%
03/17/2021,2583.0,2583.0,2583.0,2583.0,,8.90%
03/18/2021,2822.0,2822.0,2822.0,2822.0,,9.25%
03/19/2021,2975.0,2975.0,2975.0,2975.0,,5.42%
03/22/2021,3058.0,3058.0,3058.0,3058.0,,2.79%
03/23/2021,2983.0,2983.0,2983.0,2983.0,,-2.45%
03/24/2021,2858.0,2858.0,2858.0,2858.0,,-4.19%
03/25/2021,2834.0,2834.0,2834.0,2834.0,,-0.84%
03/26/2021,2827.0,2827.0,2827.0,2827.0,,-0.25%
03/29/2021,2812.0,2812.0,2812.0,2812.0,,-0.53%
03/30/2021,2723.0,2723.0,2723.0,2723.0,,-3.17%
03/31/2021,2576.0,2576.0,2576.0,2576.0,,-5.40%
04/01/2021,2484.0,2484.0,2484.0,2484.0,,-3.57%
04/06/2021,2431.0,2431.0,2431.0,2431.0,,-2.13%
04/07/2021,2358.0,2358.0,2358.0,2358.0,,-3.00%
04/08/2021,2160.0,2160.0,2160.0,2160.0,,-8.40%
04/09/2021,2003.0,2003.0,2003.0,2003.0,,-7.27%
04/12/2021,1928.0,1928.0,1928.0,1928.0,,-3.74%
04/13/2021,1898.0,1898.0,1898.0,1898.0,,-1.56%
04/14/2021,2017.0,2017.0,2017.0,2017.0,,6.27%
04/15/2021,2234.0,2234.0,2234.0,2234.0,,10.76%
04/16/2021,2347.0,2347.0,2347.0,2347.0,,5.06%
04/19/2021,2441.0,2441.0,2441.0,2441.0,,4.01%
04/20/2021,2557.0,2557.0,2557.0,2557.0,,4.75%
04/21/2021,2690.0,2690.0,2690.0,2690.0,,5.20%
04/22/2021,2686.0,2686.0,2686.0,2686.0,,-0.15%
04/23/2021,2630.0,2630.0,2630.0,2630.0,,-2.08%
04/26/2021,2586.0,2586.0,2586.0,2586.0,,-1.67%
04/27/2021,2550.0,2550.0,2550.0,2550.0,,-1.39%
04/28/2021,2584.0,2584.0,2584.0,2584.0,,1.33%
04/29/2021,2643.0,2643.0,2643.0,2643.0,,2.28%
04/30/2021,2672.0,2672.0,2672.0,2672.0,,1.10%
05/04/2021,2724.0,2724.0,2724.0,2724.0,,1.95%
05/05/2021,2848.0,2848.0,2848.0,2848.0,,4.55%
05/06/2021,2909.0,2909.0,2909.0,2909.0,,2.14%
05/07/2021,2955.0,2955.0,2955.0,2955.0,,1.58%
05/10/2021,3014.0,3014.0,3014.0,3014.0,,2.00%
05/11/2021,3082.0,3082.0,3082.0,3082.0,,2.26%
05/12/2021,3067.0,3067.0,3067.0,3067.0,,-0.49%
05/13/2021,3017.0,3017.0,3017.0,3017.0,,-1.63%
05/14/2021,2961.0,2961.0,2961.0,2961.0,,-1.86%
05/17/2021,2909.0,2909.0,2909.0,2909.0,,-1.76%
05/18/2021,2854.0,2854.0,2854.0,2854.0,,-1.89%
05/19/2021,2857.0,2857.0,2857.0,2857.0,,0.11%
05/20/2021,2870.0,2870.0,2870.0,2870.0,,0.46%
05/21/2021,2855.0,2855.0,2855.0,2855.0,,-0.52%
05/24/2021,2840.0,2840.0,2840.0,2840.0,,-0.53%
05/25/2021,2809.0,2809.0,2809.0,2809.0,,-1.09%
05/26/2021,2767.0,2767.0,2767.0,2767.0,,-1.50%
05/27/2021,2735.0,2735.0,2735.0,2735.0,,-1.16%
05/28/2021,2760.0,2760.0,2760.0,2760.0,,0.91%
06/01/2021,2801.0,2801.0,2801.0,2801.0,,1.49%
06/02/2021,2855.0,2855.0,2855.0,2855.0,,1.93%
06/03/2021,2896.0,2896.0,2896.0,2896.0,,1.44%
06/04/2021,2933.0,2933.0,2933.0,2933.0,,1.28%
06/07/2021,2954.0,2954.0,2954.0,2954.0,,0.72%
06/08/2021,2993.0,2993.0,2993.0,2993.0,,1.32%
06/09/2021,3065.0,3065.0,3065.0,3065.0,,2.41%
06/10/2021,3204.0,3204.0,3204.0,3204.0,,4.54%
06/11/2021,3302.0,3302.0,3302.0,3302.0,,3.06%
06/14/2021,3343.0,3343.0,3343.0,3343.0,,1.24%
06/15/2021,3407.0,3407.0,3407.0,3407.0,,1.91%
06/16/2021,3519.0,3519.0,3519.0,3519.0,,3.29%
06/17/2021,3558.0,3558.0,3558.0,3558.0,,1.11%
06/18/2021,3544.0,3544.0,3544.0,3544.0,,-0.39%
06/21/2021,3505.0,3505.0,3505.0,3505.0,,-1.10%
06/22/2021,3432.0,3432.0,3432.0,3432.0,,-2.08%
06/23/2021,3418.0,3418.0,3418.0,3418.0,,-0.41%
06/24/2021,3515.0,3515.0,3515.0,3515.0,,2.84%
06/25/2021,3642.0,3642.0,3642.0,3642.0,,3.61%
06/28/2021,3827.0,3827.0,3827.0,3827.0,,5.08%
06/29/2021,4010.0,4010.0,4010.0,4010.0,,4.78%
06/30/2021,4119.0,4119.0,4119.0,4119.0,,2.72%
07/01/2021,4237.0,4237.0,4237.0,4237.0,,2.86%
07/02/2021,4269.0,4269.0,4269.0,4269.0,,0.76%
07/05/2021,4241.0,4241.0,4241.0,4241.0,,-0.66%
07/06/2021,4160.0,4160.0,4160.0,4160.0,,-1.91%
07/07/2021,4150.0,4150.0,4150.0,4150.0,,-0.24%
07/08/2021,4128.0,4128.0,4128.0,4128.0,,-0.53%
07/09/2021,4101.0,4101.0,4101.0,4101.0,,-0.65%
07/12/2021,4070.0,4070.0,4070.0,4070.0,,-0.76%
07/13/2021,3970.0,3970.0,3970.0,3970.0,,-2.46%
07/14/2021,3848.0,3848.0,3848.0,3848.0,,-3.07%
07/15/2021,3708.0,3708.0,3708.0,3708.0,,-3.64%
07/16/2021,3635.0,3635.0,3635.0,3635.0,,-1.97%
07/19/2021,3623.0,3623.0,3623.0,3623.0,,-0.33%
07/20/2021,3600.0,3600.0,3600.0,3600.0,,-0.63%
07/21/2021,3577.0,3577.0,3577.0,3577.0,,-0.64%
07/22/2021,3560.0,3560.0,3560.0,3560.0,,-0.48%
07/23/2021,3528.0,3528.0,3528.0,3528.0,,-0.90%
07/26/2021,3513.0,3513.0,3513.0,3513.0,,-0.43%
07/27/2021,3467.0,3467.0,3467.0,3467.0,,-1.31%
07/28/2021,3404.0,3404.0,3404.0,3404.0,,-1.82%
07/29/2021,3342.0,3342.0,3342.0,3342.0,,-1.82%
07/30/2021,3304.0,3304.0,3304.0,3304.0,,-1.14%
08/02/2021,3290.0,3290.0,3290.0,3290.0,,-0.42%
08/03/2021,3307.0,3307.0,3307.0,3307.0,,0.52%
08/04/2021,3358.0,3358.0,3358.0,3358.0,,1.54%
08/05/2021,3418.0,3418.0,3418.0,3418.0,,1.79%
08/06/2021,3449.0,3449.0,3449.0,3449.0,,0.91%
08/09/2021,3458.0,3458.0,3458.0,3458.0,,0.26%
08/10/2021,3476.0,3476.0,3476.0,3476.0,,0.52%
08/11/2021,3516.0,3516.0,3516.0,3516.0,,1.15%
08/12/2021,3550.0,3550.0,3550.0,3550.0,,0.97%
08/13/2021,3566.0,3566.0,3566.0,3566.0,,0.45%
08/16/2021,3584.0,3584.0,3584.0,3584.0,,0.50%
08/17/2021,3617.0,3617.0,3617.0,3617.0,,0.92%
08/18/2021,3707.0,3707.0,3707.0,3707.0,,2.49%
08/19/2021,3754.0,3754.0,3754.0,3754.0,,1.27%
08/20/2021,3785.0,3785.0,3785.0,3785.0,,0.83%
08/23/2021,3809.0,3809.0,3809.0,3809.0,,0.63%
08/24/2021,3846.0,3846.0,3846.0,3846.0,,0.97%
08/25/2021,3885.0,3885.0,3885.0,3885.0,,1.01%
08/26/2021,3911.0,3911.0,3911.0,3911.0,,0.67%
08/27/2021,3874.0,3874.0,3874.0,3874.0,,-0.95%
08/31/2021,3781.0,3781.0,3781.0,3781.0,,-2.40%
09/01/2021,3706.0,3706.0,3706.0,3706.0,,-1.98%
09/02/2021,3649.0,3649.0,3649.0,3649.0,,-1.54%
09/03/2021,3605.0,3605.0,3605.0,3605.0,,-1.21%
09/06/2021,3544.0,3544.0,3544.0,3544.0,,-1.69%
09/07/2021,3496.0,3496.0,3496.0,3496.0,,-1.35%
09/08/2021,3473.0,3473.0,3473.0,3473.0,,-0.66%
09/09/2021,3510.0,3510.0,3510.0,3510.0,,1.07%
09/10/2021,3595.0,3595.0,3595.0,3595.0,,2.42%
09/13/2021,3694.0,3694.0,3694.0,3694.0,,2.75%
09/14/2021,3756.0,3756.0,3756.0,3756.0,,1.68%
09/15/2021,3800.0,3800.0,3800.0,3800.0,,1.17%
09/16/2021,3852.0,3852.0,3852.0,3852.0,,1.37%
09/17/2021,3904.0,3904.0,3904.0,3904.0,,1.35%
09/20/2021,3916.0,3916.0,3916.0,3916.0,,0.31%
09/21/2021,3930.0,3930.0,3930.0,3930.0,,0.36%
09/22/2021,3961.0,3961.0,3961.0,3961.0,,0.79%
09/23/2021,3994.0,3994.0,3994.0,3994.0,,0.83%
09/24/2021,4012.0,4012.0,4012.0,4012.0,,0.45%
09/27/2021,4020.0,4020.0,4020.0,4020.0,,0.20%
09/28/2021,4030.0,4030.0,4030.0,4030.0,,0.25%
09/29/2021,4037.0,4037.0,4037.0,4037.0,,0.17%
09/30/2021,4013.0,4013.0,4013.0,4013.0,,-0.59%
10/01/2021,3992.0,3992.0,3992.0,3992.0,,-0.52%
10/04/2021,3961.0,3961.0,3961.0,3961.0,,-0.78%
10/05/2021,3918.0,3918.0,3918.0,3918.0,,-1.09%
10/06/2021,3903.0,3903.0,3903.0,3903.0,,-0.38%
10/07/2021,3884.0,3884.0,3884.0,3884.0,,-0.49%
10/08/2021,3866.0,3866.0,3866.0,3866.0,,-0.46%
10/11/2021,3877.0,3877.0,3877.0,3877.0,,0.28%
10/12/2021,3906.0,3906.0,3906.0,3906.0,,0.75%
10/13/2021,3958.0,3958.0,3958.0,3958.0,,1.33%
10/14/2021,4023.0,4023.0,4023.0,4023.0,,1.64%
10/15/2021,4065.0,4065.0,4065.0,4065.0,,1.04%
10/18/2021,4091.0,4091.0,4091.0,4091.0,,0.64%
10/19/2021,4166.0,4166.0,4166.0,4166.0,,1.83%
10/20/2021,4236.0,4236.0,4236.0,4236.0,,1.68%
10/21/2021,4304.0,4304.0,4304.0,4304.0,,1.61%
10/22/2021,4327.0,4327.0,4327.0,4327.0,,0.53%
10/25/2021,4328.0,4328.0,4328.0,4328.0,,0.02%
10/26/2021,4231.0,4231.0,4231.0,4231.0,,-2.24%
10/27/2021,4083.0,4083.0,4083.0,4083.0,,-3.50%
10/28/2021,3965.0,3965.0,3965.0,3965.0,,-2.89%
10/29/2021,3896.0,3896.0,3896.0,3896.0,,-1.74%
11/01/2021,3815.0,3815.0,3815.0,3815.0,,-2.08%
11/02/2021,3644.0,3644.0,3644.0,3644.0,,-4.48%
11/03/2021,3355.0,3355.0,3355.0,3355.0,,-7.93%
11/04/2021,3166.0,3166.0,3166.0,3166.0,,-5.63%
11/05/2021,3071.0,3071.0,3071.0,3071.0,,-3.00%
11/08/2021,3063.0,3063.0,3063.0,3063.0,,-0.26%
11/09/2021,3084.0,3084.0,3084.0,3084.0,,0.69%
11/10/2021,3079.0,3079.0,3079.0,3079.0,,-0.16%
11/11/2021,3026.0,3026.0,3026.0,3026.0,,-1.72%
11/12/2021,2930.0,2930.0,2930.0,2930.0,,-3.17%
11/15/2021,2850.0,2850.0,2850.0,2850.0,,-2.73%
11/16/2021,2675.0,2675.0,2675.0,2675.0,,-6.14%
11/17/2021,2475.0,2475.0,2475.0,2475.0,,-7.48%
11/18/2021,2336.0,2336.0,2336.0,2336.0,,-5.62%
11/19/2021,2282.0,2282.0,2282.0,2282.0,,-2.31%
11/22/2021,2291.0,2291.0,2291.0,2291.0,,0.39%
11/23/2021,2333.0,2333.0,2333.0,2333.0,,1.83%
11/24/2021,2378.0,2378.0,2378.0,2378.0,,1.93%
11/25/2021,2489.0,2489.0,2489.0,2489.0,,4.67%
11/26/2021,2621.0,2621.0,2621.0,2621.0,,5.30%
11/29/2021,2735.0,2735.0,2735.0,2735.0,,4.35%
11/30/2021,2811.0,2811.0,2811.0,2811.0,,2.78%
12/01/2021,2897.0,2897.0,2897.0,2897.0,,3.06%
12/02/2021,3030.0,3030.0,3030.0,3030.0,,4.59%
12/03/2021,3128.0,3128.0,3128.0,3128.0,,3.23%
12/06/2021,3212.0,3212.0,3212.0,3212.0,,2.69%
12/07/2021,3253.0,3253.0,3253.0,3253.0,,1.28%
12/08/2021,3221.0,3221.0,3221.0,3221.0,,-0.98%
12/09/2021,3145.0,3145.0,3145.0,3145.0,,-2.36%
12/10/2021,3068.0,3068.0,3068.0,3068.0,,-2.45%
12/13/2021,2995.0,2995.0,2995.0,2995.0,,-2.38%
12/14/2021,2879.0,2879.0,2879.0,2879.0,,-3.87%
12/15/2021,2744.0,2744.0,2744.0,2744.0,,-4.69%
12/16/2021,2626.0,2626.0,2626.0,2626.0,,-4.30%
12/17/2021,2444.0,2444.0,2444.0,2444.0,,-6.93%
12/20/2021,2356.0,2356.0,2356.0,2356.0,,-3.60%
12/21/2021,2311.0,2311.0,2311.0,2311.0,,-1.91%
12/22/2021,2384.0,2384.0,2384.0,2384.0,,3.16%
12/23/2021,2515.0,2515.0,2515.0,2515.0,,5.49%
12/24/2021,2573.0,2573.0,2573.0,2573.0,,2.31%
01/04/2022,2874.0,2874.0,2874.0,2874.0,,11.70%
01/05/2022,3003.0,3003.0,3003.0,3003.0,,4.49%
01/06/2022,3013.0,3013.0,3013.0,3013.0,,0.33%
01/07/2022,2957.0,2957.0,2957.0,2957.0,,-1.86%
01/10/2022,2849.0,2849.0,2849.0,2849.0,,-3.65%
01/11/2022,2715.0,2715.0,2715.0,2715.0,,-4.70%
01/12/2022,2565.0,2565.0,2565.0,2565.0,,-5.52%
01/13/2022,2452.0,2452.0,2452.0,2452.0,,-4.41%
01/14/2022,2375.0,2375.0,2375.0,2375.0,,-3.14%
01/17/2022,2326.0,2326.0,2326.0,2326.0,,-2.06%
01/18/2022,2223.0,2223.0,2223.0,2223.0,,-4.43%
01/19/2022,2095.0,2095.0,2095.0,2095.0,,-5.76%
01/20/2022,2024.0,2024.0,2024.0,2024.0,,-3.39%
01/21/2022,2010.0,2010.0,2010.0,2010.0,,-0.69%
01/24/2022,2013.0,2013.0,2013.0,2013.0,,0.15%
01/25/2022,1988.0,1988.0,1988.0,1988.0,,-1.24%
01/26/2022,1914.0,1914.0,1914.0,1914.0,,-3.72%
01/27/2022,1846.0,1846.0,1846.0,1846.0,,-3.55%
01/28/2022,1840.0,1840.0,1840.0,1840.0,,-0.33%
01/31/2022,1828.0,1828.0,1828.0,1828.0,,-0.65%
02/01/2022,1811.0,1811.0,1811.0,1811.0,,-0.93%
02/02/2022,1765.0,1765.0,1765.0,1765.0,,-2.54%
02/03/2022,1771.0,1771.0,1771.0,1771.0,,0.34%
02/04/2022,1796.0,1796.0,1796.0,1796.0,,1.41%
02/07/2022,1855.0,1855.0,1855.0,1855.0,,3.29%
02/08/2022,1971.0,1971.0,1971.0,1971.0,,6.25%
02/09/2022,2153.0,2153.0,2153.0,2153.0,,9.23%
02/10/2022,2333.0,2333.0,2333.0,2333.0,,8.36%
02/11/2022,2403.0,2403.0,2403.0,2403.0,,3.00%
02/14/2022,2418.0,2418.0,2418.0,2418.0,,0.62%
02/15/2022,2400.0,2400.0,2400.0,2400.0,,-0.74%
02/16/2022,2375.0,2375.0,2375.0,2375.0,,-1.04%
02/17/2022,2365.0,2365.0,2365.0,2365.0,,-0.42%
02/18/2022,2375.0,2375.0,2375.0,2375.0,,0.42%
02/21/2022,2441.0,2441.0,2441.0,2441.0,,2.78%
02/22/2022,2596.0,2596.0,2596.0,2596.0,,6.35%
02/23/2022,2699.0,2699.0,2699.0,2699.0,,3.97%
02/24/2022,2689.0,2689.0,2689.0,2689.0,,-0.37%
02/25/2022,2658.0,2658.0,2658.0,2658.0,,-1.15%
02/28/2022,2599.0,2599.0,2599.0,2599.0,,-2.22%
03/01/2022,2601.0,2601.0,2601.0,2601.0,,0.08%
03/02/2022,2634.0,2634.0,2634.0,2634.0,,1.27%
03/03/2022,2699.0,2699.0,2699.0,2699.0,,2.47%
03/04/2022,2785.0,2785.0,2785.0,2785.0,,3.19%
03/07/2022,2901.0,2901.0,2901.0,2901.0,,4.17%
03/08/2022,3041.0,3041.0,3041.0,3041.0,,4.83%
03/09/2022,3194.0,3194.0,3194.0,3194.0,,5.03%
03/10/2022,3233.0,3233.0,3233.0,3233.0,,1.22%
03/11/2022,3187.0,3187.0,3187.0,3187.0,,-1.42%
03/14/2022,3092.0,3092.0,3092.0,3092.0,,-2.98%
03/15/2022,2946.0,2946.0,2946.0,2946.0,,-4.72%
03/16/2022,2847.0,2847.0,2847.0,2847.0,,-3.36%
03/17/2022,2850.0,2850.0,2850.0,2850.0,,0.11%
03/18/2022,2874.0,2874.0,2874.0,2874.0,,0.84%
03/21/2022,2951.0,2951.0,2951.0,2951.0,,2.68%
03/22/2022,3111.0,3111.0,3111.0,3111.0,,5.42%
03/23/2022,3272.0,3272.0,3272.0,3272.0,,5.18%
03/24/2022,3379.0,3379.0,3379.0,3379.0,,3.27%
03/25/2022,3413.0,3413.0,3413.0,3413.0,,1.01%
03/28/2022,3416.0,3416.0,3416.0,3416.0,,0.09%
03/29/2022,3337.0,3337.0,3337.0,3337.0,,-2.31%
03/30/2022,3236.0,3236.0,3236.0,3236.0,,-3.03%
03/31/2022,3141.0,3141.0,3141.0,3141.0,,-2.94%
04/01/2022,3073.0,3073.0,3073.0,3073.0,,-2.16%
04/04/2022,3015.0,3015.0,3015.0,3015.0,,-1.89%
04/05/2022,2951.0,2951.0,2951.0,2951.0,,-2.12%
04/06/2022,2868.0,2868.0,2868.0,2868.0,,-2.81%
04/07/2022,2778.0,2778.0,2778.0,2778.0,,-3.14%
04/08/2022,2777.0,2777.0,2777.0,2777.0,,-0.04%
04/11/2022,2785.0,2785.0,2785.0,2785.0,,0.29%
04/12/2022,2862.0,2862.0,2862.0,2862.0,,2.76%
04/13/2022,2968.0,2968.0,2968.0,2968.0,,3.70%
04/14/2022,3042.0,3042.0,3042.0,3042.0,,2.49%
04/19/2022,3079.0,3079.0,3079.0,3079.0,,1.22%
04/20/2022,3087.0,3087.0,3087.0,3087.0,,0.26%
04/21/2022,3047.0,3047.0,3047.0,3047.0,,-1.30%
04/22/2022,3004.0,3004.0,3004.0,3004.0,,-1.41%
04/25/2022,2967.0,2967.0,2967.0,2967.0,,-1.23%
04/26/2022,2919.0,2919.0,2919.0,2919.0,,-1.62%
04/27/2022,2904.0,2904.0,2904.0,2904.0,,-0.51%
04/28/2022,2914.0,2914.0,2914.0,2914.0,,0.34%
04/29/2022,2938.0,2938.0,2938.0,2938.0,,0.82%
05/03/2022,2955.0,2955.0,2955.0,2955.0,,0.58%
05/04/2022,3013.0,3013.0,3013.0,3013.0,,1.96%
05/05/2022,3110.0,3110.0,3110.0,3110.0,,3.22%
05/06/2022,3175.0,3175.0,3175.0,3175.0,,2.09%
05/09/2022,3233.0,3233.0,3233.0,3233.0,,1.83%
05/10/2022,3277.0,3277.0,3277.0,3277.0,,1.36%
05/11/2022,3316.0,3316.0,3316.0,3316.0,,1.19%
05/12/2022,3310.0,3310.0,3310.0,3310.0,,-0.18%
05/13/2022,3283.0,3283.0,3283.0,3283.0,,-0.82%
05/16/2022,3241.0,3241.0,3241.0,3241.0,,-1.28%
05/17/2022,3254.0,3254.0,3254.0,3254.0,,0.40%
05/18/2022,3327.0,3327.0,3327.0,3327.0,,2.24%
05/19/2022,3370.0,3370.0,3370.0,3370.0,,1.29%
05/20/2022,3382.0,3382.0,3382.0,3382.0,,0.36%
05/23/2022,3377.0,3377.0,3377.0,3377.0,,-0.15%
05/24/2022,3321.0,3321.0,3321.0,3321.0,,-1.66%
05/25/2022,3218.0,3218.0,3218.0,3218.0,,-3.10%
05/26/2022,3140.0,3140.0,3140.0,3140.0,,-2.42%
05/27/2022,3048.0,3048.0,3048.0,3048.0,,-2.93%
05/30/2022,2944.0,2944.0,2944.0,2944.0,,-3.41%
05/31/2022,2873.0,2873.0,2873.0,2873.0,,-2.41%
06/01/2022,2851.0,2851.0,2851.0,2851.0,,-0.77%
06/06/2022,2841.0,2841.0,2841.0,2841.0,,-0.35%
06/07/2022,2815.0,2815.0,2815.0,2815.0,,-0.92%
06/08/2022,2747.0,2747.0,2747.0,2747.0,,-2.42%
06/09/2022,2674.0,2674.0,2674.0,2674.0,,-2.66%
06/10/2022,2629.0,2629.0,2629.0,2629.0,,-1.68%
06/13/2022,2600.0,2600.0,2600.0,2600.0,,-1.10%
06/14/2022,2629.0,2629.0,2629.0,2629.0,,1.12%
06/15/2022,2706.0,2706.0,2706.0,2706.0,,2.93%
06/16/2022,2790.0,2790.0,2790.0,2790.0,,3.10%
06/17/2022,2862.0,2862.0,2862.0,2862.0,,2.58%
06/20/2022,2872.0,2872.0,2872.0,2872.0,,0.35%
06/21/2022,2851.0,2851.0,2851.0,2851.0,,-0.73%
06/22/2022,2797.0,2797.0,2797.0,2797.0,,-1.89%
06/23/2022,2732.0,2732.0,2732.0,2732.0,,-2.32%
06/24/2022,2695.0,2695.0,2695.0,2695.0,,-1.35%
06/27/2022,2652.0,2652.0,2652.0,2652.0,,-1.60%
06/28/2022,2566.0,2566.0,2566.0,2566.0,,-3.24%
06/29/2022,2510.0,2510.0,2510.0,2510.0,,-2.18%
06/30/2022,2485.0,2485.0,2485.0,2485.0,,-1.00%
07/01/2022,2477.0,2477.0,2477.0,2477.0,,-0.32%
07/04/2022,2469.0,2469.0,2469.0,2469.0,,-0.32%
07/05/2022,2441.0,2441.0,2441.0,2441.0,,-1.13%
07/06/2022,2363.0,2363.0,2363.0,2363.0,,-3.20%
07/07/2022,2278.0,2278.0,2278.0,2278.0,,-3.60%
07/08/2022,2223.0,2223.0,2223.0,2223.0,,-2.41%
07/11/2022,2172.0,2172.0,2172.0,2172.0,,-2.29%
07/12/2022,2096.0,2096.0,2096.0,2096.0,,-3.50%
07/13/2022,2008.0,2008.0,2008.0,2008.0,,-4.20%
07/14/2022,1920.0,1920.0,1920.0,1920.0,,-4.38%
07/15/2022,1885.0,1885.0,1885.0,1885.0,,-1.82%
07/18/2022,1872.0,1872.0,1872.0,1872.0,,-0.69%
07/19/2022,1889.0,1889.0,1889.0,1889.0,,0.91%
07/20/2022,1972.0,1972.0,1972.0,1972.0,,4.39%
07/21/2022,2051.0,2051.0,2051.0,2051.0,,4.01%
07/22/2022,2093.0,2093.0,2093.0,2093.0,,2.05%
07/25/2022,2100.0,2100.0,2100.0,2100.0,,0.33%
07/26/2022,2088.0,2088.0,2088.0,2088.0,,-0.57%
07/27/2022,2076.0,2076.0,2076.0,2076.0,,-0.57%
07/28/2022,2065.0,2065.0,2065.0,2065.0,,-0.53%
07/29/2022,2051.0,2051.0,2051.0,2051.0,,-0.68%
08/01/2022,2044.0,2044.0,2044.0,2044.0,,-0.34%
08/02/2022,2026.0,2026.0,2026.0,2026.0,,-0.88%
08/03/2022,2005.0,2005.0,2005.0,2005.0,,-1.04%
08/04/2022,1983.0,1983.0,1983.0,1983.0,,-1.10%
08/05/2022,1967.0,1967.0,1967.0,1967.0,,-0.81%
08/08/2022,1958.0,1958.0,1958.0,1958.0,,-0.46%
08/09/2022,1938.0,1938.0,1938.0,1938.0,,-1.02%
08/10/2022,1932.0,1932.0,1932.0,1932.0,,-0.31%
08/11/2022,1927.0,1927.0,1927.0,1927.0,,-0.26%
08/12/2022,1907.0,1907.0,1907.0,1907.0,,-1.04%
08/15/2022,1885.0,1885.0,1885.0,1885.0,,-1.15%
08/16/2022,1850.0,1850.0,1850.0,1850.0,,-1.86%
08/17/2022,1805.0,1805.0,1805.0,1805.0,,-2.43%
08/18/2022,1749.0,1749.0,1749.0,1749.0,,-3.10%
08/19/2022,1688.0,0.0,0.0,0.0,,-3.49%
08/22/2022,1645.0,1645.0,1645.0,1645.0,,-2.55%
08/23/2022,1572.0,1572.0,1572.0,1572.0,,-4.44%
08/24/2022,1491.0,1491.0,1491.0,1491.0,,-5.15%
08/25/2022,1424.0,1424.0,1424.0,1424.0,,-4.49%
08/26/2022,1372.0,1372.0,1372.0,1372.0,,-3.65%
08/30/2022,1284.0,1284.0,1284.0,1284.0,,-6.41%
08/31/2022,1217.0,1217.0,1217.0,1217.0,,-5.22%
09/01/2022,1230.0,1230.0,1230.0,1230.0,,1.07%
09/02/2022,1271.0,1271.0,1271.0,1271.0,,3.33%
09/05/2022,1327.0,1327.0,1327.0,1327.0,,4.41%
09/06/2022,1413.0,1413.0,1413.0,1413.0,,6.48%
09/07/2022,1577.0,1577.0,1577.0,1577.0,,11.61%
09/08/2022,1757.0,1757.0,1757.0,1757.0,,11.41%
09/09/2022,1865.0,1865.0,1865.0,1865.0,,6.15%
09/12/2022,1922.0,1922.0,1922.0,1922.0,,3.06%
09/13/2022,2074.0,2074.0,2074.0,2074.0,,7.91%
09/14/2022,2145.0,2145.0,2145.0,2145.0,,3.42%
09/15/2022,2090.0,2090.0,2090.0,2090.0,,-2.56%
09/16/2022,1990.0,1990.0,1990.0,1990.0,,-4.78%
09/20/2022,2023.0,2023.0,2023.0,2023.0,,1.66%
09/21/2022,2021.0,2021.0,2021.0,2021.0,,-0.10%
09/22/2022,1998.0,1998.0,1998.0,1998.0,,-1.14%
09/23/2022,1995.0,1995.0,1995.0,1995.0,,-0.15%
09/26/2022,1992.0,1992.0,1992.0,1992.0,,-0.15%
09/27/2022,1998.0,1998.0,1998.0,1998.0,,0.30%
09/28/2022,2022.0,2022.0,2022.0,2022.0,,1.20%
09/29/2022,2063.0,2063.0,2063.0,2063.0,,2.03%
09/30/2022,2082.0,2082.0,2082.0,2082.0,,0.92%
10/03/2022,2082.0,2082.0,2082.0,2082.0,,0.00%
10/04/2022,2110.0,2110.0,2110.0,2110.0,,1.34%
10/05/2022,2205.0,2205.0,2205.0,2205.0,,4.50%
10/06/2022,2232.0,2232.0,2232.0,2232.0,,1.22%
10/07/2022,2235.0,2235.0,2235.0,2235.0,,0.13%
10/10/2022,2228.0,2228.0,2228.0,2228.0,,-0.31%
10/11/2022,2196.0,2196.0,2196.0,2196.0,,-1.44%
10/12/2022,2147.0,2147.0,2147.0,2147.0,,-2.23%
10/13/2022,2088.0,2088.0,2088.0,2088.0,,-2.75%
10/14/2022,2081.0,2081.0,2081.0,2081.0,,-0.34%
10/17/2022,2088.0,2088.0,2088.0,2088.0,,0.34%
10/18/2022,2136.0,2136.0,2136.0,2136.0,,2.30%
10/19/2022,2164.0,2164.0,2164.0,2164.0,,1.31%
10/20/2022,2161.0,2161.0,2161.0,2161.0,,-0.14%
10/21/2022,2144.0,2144.0,2144.0,2144.0,,-0.79%
10/24/2022,2113.0,2113.0,2113.0,2113.0,,-1.45%
10/25/2022,2073.0,2073.0,2073.0,2073.0,,-1.89%
10/26/2022,2007.0,2007.0,2007.0,2007.0,,-3.18%
10/27/2022,1900.0,1900.0,1900.0,1900.0,,-5.33%
10/28/2022,1817.0,1817.0,1817.0,1817.0,,-4.37%
10/31/2022,1745.0,1745.0,1745.0,1745.0,,-3.96%
11/01/2022,1696.0,1696.0,1696.0,1696.0,,-2.81%
11/02/2022,1683.0,1683.0,1683.0,1683.0,,-0.77%
11/03/2022,1699.0,1699.0,1699.0,1699.0,,0.95%
11/04/2022,1700.0,1700.0,1700.0,1700.0,,0.06%
11/07/2022,1696.0,1696.0,1696.0,1696.0,,-0.24%
11/08/2022,1669.0,1669.0,1669.0,1669.0,,-1.59%
11/09/2022,1641.0,1641.0,1641.0,1641.0,,-1.68%
11/10/2022,1619.0,1619.0,1619.0,1619.0,,-1.34%
11/11/2022,1637.0,1637.0,1637.0,1637.0,,1.11%
11/14/2022,1667.0,1667.0,1667.0,1667.0,,1.83%
11/15/2022,1681.0,1681.0,1681.0,1681.0,,0.84%
11/16/2022,1688.0,1688.0,1688.0,1688.0,,0.42%
11/17/2022,1650.0,1650.0,1650.0,1650.0,,-2.25%
11/18/2022,1594.0,1594.0,1594.0,1594.0,,-3.39%
11/21/2022,1549.0,1549.0,1549.0,1549.0,,-2.82%
11/22/2022,1496.0,1496.0,1496.0,1496.0,,-3.42%
11/23/2022,1464.0,1464.0,1464.0,1464.0,,-2.14%
11/24/2022,1466.0,1466.0,1466.0,1466.0,,0.14%
11/25/2022,1479.0,1479.0,1479.0,1479.0,,0.89%
11/28/2022,1496.0,1496.0,1496.0,1496.0,,1.15%
11/29/2022,1524.0,1524.0,1524.0,1524.0,,1.87%
11/30/2022,1568.0,1568.0,1568.0,1568.0,,2.89%
12/01/2022,1602.0,1602.0,1602.0,1602.0,,2.17%
12/02/2022,1618.0,1618.0,1618.0,1618.0,,1.00%
12/05/2022,1638.0,1638.0,1638.0,1638.0,,1.24%
12/06/2022,1657.0,1657.0,1657.0,1657.0,,1.16%
12/07/2022,1659.0,1659.0,1659.0,1659.0,,0.12%
12/08/2022,1661.0,1661.0,1661.0,1661.0,,0.12%
12/09/2022,1659.0,0.0,0.0,0.0,,-0.12%
12/12/2022,1643.0,1643.0,1643.0,1643.0,,-0.96%
12/13/2022,1633.0,1633.0,1633.0,1633.0,,-0.61%
12/14/2022,1643.0,1643.0,1643.0,1643.0,,0.61%
12/15/2022,1658.0,1658.0,1658.0,1658.0,,0.91%
12/16/2022,1652.0,1652.0,1652.0,1652.0,,-0.36%
12/19/2022,1645.0,1645.0,1645.0,1645.0,,-0.42%
12/20/2022,1622.0,1622.0,1622.0,1622.0,,-1.40%
12/21/2022,1598.0,1598.0,1598.0,1598.0,,-1.48%
12/22/2022,1563.0,1563.0,1563.0,1563.0,,-2.19%
12/23/2022,1535.0,1535.0,1535.0,1535.0,,-1.79%
01/03/2023,1438.0,1438.0,1438.0,1438.0,,-6.32%
01/04/2023,1378.0,1378.0,1378.0,1378.0,,-4.17%
01/05/2023,1332.0,1332.0,1332.0,1332.0,,-3.34%
01/06/2023,1299.0,1299.0,1299.0,1299.0,,-2.48%
01/09/2023,1250.0,1250.0,1250.0,1250.0,,-3.77%
01/10/2023,1189.0,1189.0,1189.0,1189.0,,-4.88%
01/11/2023,1126.0,1126.0,1126.0,1126.0,,-5.30%
01/12/2023,1084.0,1084.0,1084.0,1084.0,,-3.73%
01/13/2023,1069.0,1069.0,1069.0,1069.0,,-1.38%
01/16/2023,1071.0,1071.0,1071.0,1071.0,,0.19%
01/17/2023,1078.0,1078.0,1078.0,1078.0,,0.65%
01/18/2023,1075.0,1075.0,1075.0,1075.0,,-0.28%
01/19/2023,1071.0,1071.0,1071.0,1071.0,,-0.37%
01/20/2023,1060.0,1060.0,1060.0,1060.0,,-1.03%
01/23/2023,1048.0,1048.0,1048.0,1048.0,,-1.13%
01/24/2023,1035.0,1035.0,1035.0,1035.0,,-1.24%
01/25/2023,1035.0,1035.0,1035.0,1035.0,,0.00%
01/26/2023,1045.0,1045.0,1045.0,1045.0,,0.97%
01/27/2023,1054.0,1054.0,1054.0,1054.0,,0.86%
01/30/2023,1060.0,1060.0,1060.0,1060.0,,0.57%
01/31/2023,1052.0,1052.0,1052.0,1052.0,,-0.75%
02/01/2023,1029.0,1029.0,1029.0,1029.0,,-2.19%
02/02/2023,988.0,988.0,988.0,988.0,,-3.98%
02/03/2023,940.0,940.0,940.0,940.0,,-4.86%
02/06/2023,907.0,907.0,907.0,907.0,,-3.51%
02/07/2023,867.0,867.0,867.0,867.0,,-4.41%
02/08/2023,856.0,856.0,856.0,856.0,,-1.27%
02/09/2023,861.0,861.0,861.0,861.0,,0.58%
02/10/2023,864.0,864.0,864.0,864.0,,0.35%
02/13/2023,863.0,863.0,863.0,863.0,,-0.12%
02/14/2023,848.0,848.0,848.0,848.0,,-1.74%
02/15/2023,830.0,830.0,830.0,830.0,,-2.12%
02/16/2023,818.0,818.0,818.0,818.0,,-1.45%
02/17/2023,811.0,811.0,811.0,811.0,,-0.86%
02/20/2023,809.0,809.0,809.0,809.0,,-0.25%
02/21/2023,843.0,843.0,843.0,843.0,,4.20%
02/22/2023,951.0,951.0,951.0,951.0,,12.81%
02/23/2023,1169.0,1169.0,1169.0,1169.0,,22.92%
02/24/2023,1271.0,1271.0,1271.0,1271.0,,8.73%
02/27/2023,1317.0,1317.0,1317.0,1317.0,,3.62%
02/28/2023,1421.0,1421.0,1421.0,1421.0,,7.90%
03/01/2023,1515.0,1515.0,1515.0,1515.0,,6.62%
03/02/2023,1556.0,1556.0,1556.0,1556.0,,2.71%
03/03/2023,1565.0,1565.0,1565.0,1565.0,,0.58%
03/06/2023,1582.0,1582.0,1582.0,1582.0,,1.09%
03/07/2023,1580.0,1580.0,1580.0,1580.0,,-0.13%
03/08/2023,1592.0,1592.0,1592.0,1592.0,,0.76%
03/09/2023,1624.0,1624.0,1624.0,1624.0,,2.01%
03/10/2023,1654.0,1654.0,1654.0,1654.0,,1.85%
03/13/2023,1680.0,1680.0,1680.0,1680.0,,1.57%
03/14/2023,1743.0,1743.0,1743.0,1743.0,,3.75%
03/15/2023,1768.0,1768.0,1768.0,1768.0,,1.43%
03/16/2023,1746.0,1746.0,1746.0,1746.0,,-1.24%
03/17/2023,1723.0,1723.0,1723.0,1723.0,,-1.32%
03/20/2023,1697.0,1697.0,1697.0,1697.0,,-1.51%
03/21/2023,1658.0,1658.0,1658.0,1658.0,,-2.30%
03/22/2023,1606.0,1606.0,1606.0,1606.0,,-3.14%
03/23/2023,1584.0,1584.0,1584.0,1584.0,,-1.37%
03/24/2023,1572.0,1572.0,1572.0,1572.0,,-0.76%
03/27/2023,1565.0,1565.0,1565.0,1565.0,,-0.45%
03/28/2023,1561.0,1561.0,1561.0,1561.0,,-0.26%
03/29/2023,1598.0,1598.0,1598.0,1598.0,,2.37%
03/30/2023,1625.0,1625.0,1625.0,1625.0,,1.69%
03/31/2023,1635.0,1635.0,1635.0,1635.0,,0.62%
04/03/2023,1664.0,1664.0,1664.0,1664.0,,1.77%
04/04/2023,1724.0,1724.0,1724.0,1724.0,,3.61%
04/05/2023,1813.0,1813.0,1813.0,1813.0,,5.16%
04/06/2023,1851.0,1851.0,1851.0,1851.0,,2.10%
04/11/2023,1852.0,1852.0,1852.0,1852.0,,0.05%
04/12/2023,1812.0,1812.0,1812.0,1812.0,,-2.16%
04/13/2023,1747.0,1747.0,1747.0,1747.0,,-3.59%
04/14/2023,1702.0,1702.0,1702.0,1702.0,,-2.58%
04/17/2023,1675.0,1675.0,1675.0,1675.0,,-1.59%
04/18/2023,1644.0,1644.0,1644.0,1644.0,,-1.85%
04/19/2023,1657.0,1657.0,1657.0,1657.0,,0.79%
04/20/2023,1677.0,1677.0,1677.0,1677.0,,1.21%
04/21/2023,1692.0,1692.0,1692.0,1692.0,,0.89%
04/24/2023,1687.0,1687.0,1687.0,1687.0,,-0.30%
04/25/2023,1667.0,1667.0,1667.0,1667.0,,-1.19%
04/26/2023,1640.0,1640.0,1640.0,1640.0,,-1.62%
04/27/2023,1612.0,1612.0,1612.0,1612.0,,-1.71%
04/28/2023,1586.0,1586.0,1586.0,1586.0,,-1.61%
05/02/2023,1563.0,1563.0,1563.0,1563.0,,-1.45%
05/03/2023,1540.0,1540.0,1540.0,1540.0,,-1.47%
05/04/2023,1514.0,1514.0,1514.0,1514.0,,-1.69%
05/05/2023,1501.0,1501.0,1501.0,1501.0,,-0.86%
05/09/2023,1494.0,1494.0,1494.0,1494.0,,-0.47%
05/10/2023,1481.0,1481.0,1481.0,1481.0,,-0.87%
05/11/2023,1445.0,1445.0,1445.0,1445.0,,-2.43%
05/12/2023,1402.0,1402.0,1402.0,1402.0,,-2.98%
05/15/2023,1366.0,1366.0,1366.0,1366.0,,-2.57%
05/16/2023,1314.0,1314.0,1314.0,1314.0,,-3.81%
05/17/2023,1260.0,1260.0,1260.0,1260.0,,-4.11%
05/18/2023,1235.0,1235.0,1235.0,1235.0,,-1.98%
05/19/2023,1222.0,1222.0,1222.0,1222.0,,-1.05%
05/22/2023,1220.0,1220.0,1220.0,1220.0,,-0.16%
05/23/2023,1212.0,1212.0,1212.0,1212.0,,-0.66%
05/24/2023,1184.0,1184.0,1184.0,1184.0,,-2.31%
05/25/2023,1141.0,1141.0,1141.0,1141.0,,-3.63%
05/26/2023,1119.0,1119.0,1119.0,1119.0,,-1.93%
05/30/2023,1090.0,1090.0,1090.0,1090.0,,-2.59%
05/31/2023,1045.0,1045.0,1045.0,1045.0,,-4.13%
06/01/2023,1030.0,1030.0,1030.0,1030.0,,-1.44%
06/02/2023,1030.0,1030.0,1030.0,1030.0,,0.00%
06/05/2023,1048.0,1048.0,1048.0,1048.0,,1.75%
06/06/2023,1108.0,1108.0,1108.0,1108.0,,5.73%
06/07/2023,1139.0,1139.0,1139.0,1139.0,,2.80%
06/08/2023,1146.0,1146.0,1146.0,1146.0,,0.61%
06/09/2023,1146.0,1146.0,1146.0,1146.0,,0.00%
06/12/2023,1144.0,1144.0,1144.0,1144.0,,-0.17%
06/13/2023,1144.0,1144.0,1144.0,1144.0,,0.00%
06/14/2023,1163.0,1163.0,1163.0,1163.0,,1.66%
06/15/2023,1184.0,1184.0,1184.0,1184.0,,1.81%
06/16/2023,1193.0,1193.0,1193.0,1193.0,,0.76%
06/19/2023,1193.0,1193.0,1193.0,1193.0,,0.00%
06/20/2023,1174.0,1174.0,1174.0,1174.0,,-1.59%
06/21/2023,1157.0,1157.0,1157.0,1157.0,,-1.45%
06/22/2023,1140.0,1140.0,1140.0,1140.0,,-1.47%
06/23/2023,1127.0,1127.0,1127.0,1127.0,,-1.14%
06/26/2023,1113.0,1113.0,1113.0,1113.0,,-1.24%
06/27/2023,1089.0,1089.0,1089.0,1089.0,,-2.16%
06/28/2023,1058.0,1058.0,1058.0,1058.0,,-2.85%
06/29/2023,1041.0,1041.0,1041.0,1041.0,,-1.61%
06/30/2023,1030.0,1030.0,1030.0,1030.0,,-1.06%
07/03/2023,1014.0,1014.0,1014.0,1014.0,,-1.55%
07/04/2023,988.0,988.0,988.0,988.0,,-2.56%
07/05/2023,969.0,969.0,969.0,969.0,,-1.92%
07/06/2023,971.0,971.0,971.0,971.0,,0.21%
07/07/2023,984.0,984.0,984.0,984.0,,1.34%
07/10/2023,996.0,996.0,996.0,996.0,,1.22%
07/11/2023,1027.0,1027.0,1027.0,1027.0,,3.11%
07/12/2023,1086.0,1086.0,1086.0,1086.0,,5.74%
07/13/2023,1101.0,1101.0,1101.0,1101.0,,1.38%
07/14/2023,1095.0,1095.0,1095.0,1095.0,,-0.54%
07/17/2023,1084.0,1084.0,1084.0,1084.0,,-1.00%
07/18/2023,1052.0,1052.0,1052.0,1052.0,,-2.95%
07/19/2023,993.0,993.0,993.0,993.0,,-5.61%
07/20/2023,945.0,945.0,945.0,945.0,,-4.83%
07/21/2023,924.0,924.0,924.0,924.0,,-2.22%
07/24/2023,910.0,910.0,910.0,910.0,,-1.52%
07/25/2023,895.0,895.0,895.0,895.0,,-1.65%
07/26/2023,916.0,916.0,916.0,916.0,,2.35%
07/27/2023,955.0,955.0,955.0,955.0,,4.26%
07/28/2023,975.0,975.0,975.0,975.0,,2.09%
07/31/2023,996.0,996.0,996.0,996.0,,2.15%
08/01/2023,1034.0,1034.0,1034.0,1034.0,,3.82%
08/02/2023,1082.0,1082.0,1082.0,1082.0,,4.64%
08/03/2023,1112.0,1112.0,1112.0,1112.0,,2.77%
08/04/2023,1133.0,1133.0,1133.0,1133.0,,1.89%
08/07/2023,1153.0,1153.0,1153.0,1153.0,,1.77%
08/08/2023,1195.0,1195.0,1195.0,1195.0,,3.64%
08/09/2023,1233.0,1233.0,1233.0,1233.0,,3.18%
08/10/2023,1292.0,1292.0,1292.0,1292.0,,4.79%
08/11/2023,1337.0,1337.0,1337.0,1337.0,,3.48%
08/14/2023,1365.0,1365.0,1365.0,1365.0,,2.09%
08/15/2023,1412.0,1412.0,1412.0,1412.0,,3.44%
08/16/2023,1486.0,1486.0,1486.0,1486.0,,5.24%
08/17/2023,1522.0,1522.0,1522.0,1522.0,,2.42%
08/18/2023,1542.0,1542.0,1542.0,1542.0,,1.31%
08/21/2023,1541.0,1541.0,1541.0,1541.0,,-0.06%
08/22/2023,1516.0,1516.0,1516.0,1516.0,,-1.62%
08/23/2023,1474.0,1474.0,1474.0,1474.0,,-2.77%
08/24/2023,1456.0,1456.0,1456.0,1456.0,,-1.22%
08/25/2023,1449.0,1449.0,1449.0,1449.0,,-0.48%
08/29/2023,1498.0,1498.0,1498.0,1498.0,,3.38%
08/30/2023,1521.0,1521.0,1521.0,1521.0,,1.54%
08/31/2023,1503.0,1503.0,1503.0,1503.0,,-1.18%
09/01/2023,1478.0,1478.0,1478.0,1478.0,,-1.66%
09/04/2023,1478.0,1478.0,1478.0,1478.0,,0.00%
09/05/2023,1481.0,1481.0,1481.0,1481.0,,0.20%
09/06/2023,1466.0,1466.0,1466.0,1466.0,,-1.01%
09/07/2023,1473.0,1473.0,1473.0,1473.0,,0.48%
09/08/2023,1489.0,1489.0,1489.0,1489.0,,1.09%
09/11/2023,1508.0,1508.0,1508.0,1508.0,,1.28%
09/12/2023,1575.0,1575.0,1575.0,1575.0,,4.44%
09/13/2023,1623.0,1623.0,1623.0,1623.0,,3.05%
09/14/2023,1642.0,1642.0,1642.0,1642.0,,1.17%
09/15/2023,1656.0,1656.0,1656.0,1656.0,,0.85%
09/18/2023,1666.0,1666.0,1666.0,1666.0,,0.60%
09/19/2023,1693.0,1693.0,1693.0,1693.0,,1.62%
09/20/2023,1707.0,1707.0,1707.0,1707.0,,0.83%
09/21/2023,1696.0,1696.0,1696.0,1696.0,,-0.64%
09/22/2023,1685.0,1685.0,1685.0,1685.0,,-0.65%
09/25/2023,1685.0,1685.0,1685.0,1685.0,,0.00%
09/26/2023,1694.0,1694.0,1694.0,1694.0,,0.53%
09/27/2023,1711.0,1711.0,1711.0,1711.0,,1.00%
09/28/2023,1709.0,1709.0,1709.0,1709.0,,-0.12%
09/29/2023,1701.0,1701.0,1701.0,1701.0,,-0.47%
10/02/2023,1684.0,1684.0,1684.0,1684.0,,-1.00%
10/03/2023,1656.0,1656.0,1656.0,1656.0,,-1.66%
10/04/2023,1625.0,1625.0,1625.0,1625.0,,-1.87%
10/05/2023,1592.0,1592.0,1592.0,1592.0,,-2.03%
10/06/2023,1572.0,1572.0,1572.0,1572.0,,-1.26%
10/09/2023,1586.0,1586.0,1586.0,1586.0,,0.89%
10/10/2023,1612.0,1612.0,1612.0,1612.0,,1.64%
10/11/2023,1614.0,1614.0,1614.0,1614.0,,0.12%
10/12/2023,1593.0,1593.0,1593.0,1593.0,,-1.30%
10/13/2023,1567.0,1567.0,1567.0,1567.0,,-1.63%
10/16/2023,1553.0,1553.0,1553.0,1553.0,,-0.89%
10/17/2023,1565.0,1565.0,1565.0,1565.0,,0.77%
10/18/2023,1619.0,1619.0,1619.0,1619.0,,3.45%
10/19/2023,1635.0,1635.0,1635.0,1635.0,,0.99%
10/20/2023,1638.0,1638.0,1638.0,1638.0,,0.18%
10/23/2023,1638.0,1638.0,1638.0,1638.0,,0.00%
10/24/2023,1648.0,1648.0,1648.0,1648.0,,0.61%
10/25/2023,1649.0,1649.0,1649.0,1649.0,,0.06%
10/26/2023,1628.0,1628.0,1628.0,1628.0,,-1.27%
10/27/2023,1605.0,1605.0,1605.0,1605.0,,-1.41%
10/30/2023,1575.0,1575.0,1575.0,1575.0,,-1.87%
10/31/2023,1534.0,1534.0,1534.0,1534.0,,-2.60%
11/01/2023,1489.0,1489.0,1489.0,1489.0,,-2.93%
11/02/2023,1461.0,1461.0,1461.0,1461.0,,-1.88%
11/03/2023,1448.0,1448.0,1448.0,1448.0,,-0.89%
11/06/2023,1448.0,1448.0,1448.0,1448.0,,0.00%
11/07/2023,1453.0,1453.0,1453.0,1453.0,,0.35%
11/08/2023,1470.0,1470.0,1470.0,1470.0,,1.17%
11/09/2023,1500.0,1500.0,1500.0,1500.0,,2.04%
11/10/2023,1530.0,1530.0,1530.0,1530.0,,2.00%
11/13/2023,1548.0,1548.0,1548.0,1548.0,,1.18%
11/14/2023,1607.0,1607.0,1607.0,1607.0,,3.81%
11/15/2023,1693.0,1693.0,1693.0,1693.0,,5.35%
11/16/2023,1800.0,1800.0,1800.0,1800.0,,6.32%
11/17/2023,1874.0,1874.0,1874.0,1874.0,,4.11%
11/20/2023,1915.0,1915.0,1915.0,1915.0,,2.19%
11/21/2023,1969.0,1969.0,1969.0,1969.0,,2.82%
11/22/2023,2008.0,2008.0,2008.0,2008.0,,1.98%
11/23/2023,2034.0,2034.0,2034.0,2034.0,,1.29%
11/24/2023,2064.0,2064.0,2064.0,2064.0,,1.47%
11/27/2023,2095.0,2095.0,2095.0,2095.0,,1.50%
11/28/2023,2106.0,2106.0,2106.0,2106.0,,0.53%
11/29/2023,2131.0,2131.0,2131.0,2131.0,,1.19%
11/30/2023,2219.0,2219.0,2219.0,2219.0,,4.13%
12/01/2023,2341.0,2341.0,2341.0,2341.0,,5.50%
12/04/2023,2441.0,2441.0,2441.0,2441.0,,4.27%
12/05/2023,2425.0,2425.0,2425.0,2425.0,,-0.66%
12/06/2023,2311.0,2311.0,2311.0,2311.0,,-4.70%
12/07/2023,2197.0,2197.0,2197.0,2197.0,,-4.93%
12/08/2023,2104.0,2104.0,2104.0,2104.0,,-4.23%
12/11/2023,2049.0,2049.0,2049.0,2049.0,,-2.61%
12/12/2023,1996.0,1996.0,1996.0,1996.0,,-2.59%
12/13/2023,1953.0,1953.0,1953.0,1953.0,,-2.15%
12/14/2023,1915.0,1915.0,1915.0,1915.0,,-1.95%
12/15/2023,1900.0,1900.0,1900.0,1900.0,,-0.78%
12/18/2023,1906.0,1906.0,1906.0,1906.0,,0.32%
12/19/2023,1915.0,1915.0,1915.0,1915.0,,0.47%
12/20/2023,1917.0,1917.0,1917.0,1917.0,,0.10%
12/21/2023,1915.0,1915.0,1915.0,1915.0,,-0.10%
12/22/2023,1909.0,1909.0,1909.0,1909.0,,-0.31%
01/02/2024,1872.0,1872.0,1872.0,1872.0,,-1.94%
01/03/2024,1808.0,1808.0,1808.0,1808.0,,-3.42%
01/04/2024,1727.0,1727.0,1727.0,1727.0,,-4.48%
01/05/2024,1666.0,1666.0,1666.0,1666.0,,-3.53%
01/08/2024,1605.0,1605.0,1605.0,1605.0,,-3.66%
01/09/2024,1534.0,1534.0,1534.0,1534.0,,-4.42%
01/10/2024,1464.0,1464.0,1464.0,1464.0,,-4.56%
01/11/2024,1421.0,1421.0,1421.0,1421.0,,-2.94%
01/12/2024,1410.0,1410.0,1410.0,1410.0,,-0.77%
01/15/2024,1412.0,1412.0,1412.0,1412.0,,0.14%
01/16/2024,1421.0,1421.0,1421.0,1421.0,,0.64%
01/17/2024,1446.0,1446.0,1446.0,1446.0,,1.76%
01/18/2024,1492.0,1492.0,1492.0,1492.0,,3.18%
01/19/2024,1550.0,1550.0,1550.0,1550.0,,3.89%
01/22/2024,1576.0,1576.0,1576.0,1576.0,,1.68%
01/23/2024,1613.0,1613.0,1613.0,1613.0,,2.35%
01/24/2024,1663.0,1663.0,1663.0,1663.0,,3.10%
01/25/2024,1690.0,1690.0,1690.0,1690.0,,1.62%
01/26/2024,1696.0,1696.0,1696.0,1696.0,,0.36%
01/29/2024,1686.0,1686.0,1686.0,1686.0,,-0.59%
01/30/2024,1636.0,1636.0,1636.0,1636.0,,-2.97%
01/31/2024,1566.0,1566.0,1566.0,1566.0,,-4.28%
02/01/2024,1497.0,1497.0,1497.0,1497.0,,-4.41%
02/02/2024,1444.0,1444.0,1444.0,1444.0,,-3.54%
02/05/2024,1419.0,1419.0,1419.0,1419.0,,-1.73%
02/06/2024,1428.0,1428.0,1428.0,1428.0,,0.63%
02/07/2024,1445.0,1445.0,1445.0,1445.0,,1.19%
02/08/2024,1474.0,1474.0,1474.0,1474.0,,2.01%
02/09/2024,1509.0,1509.0,1509.0,1509.0,,2.37%
02/12/2024,1526.0,1526.0,1526.0,1526.0,,1.13%
02/13/2024,1550.0,1550.0,1550.0,1550.0,,1.57%
02/14/2024,1582.0,1582.0,1582.0,1582.0,,2.06%
02/15/2024,1623.0,1623.0,1623.0,1623.0,,2.59%
02/16/2024,1646.0,1646.0,1646.0,1646.0,,1.42%
02/19/2024,1681.0,1681.0,1681.0,1681.0,,2.13%
02/20/2024,1706.0,1706.0,1706.0,1706.0,,1.49%
02/21/2024,1673.0,1673.0,1673.0,1673.0,,-1.93%
02/22/2024,1624.0,1624.0,1624.0,1624.0,,-2.93%
02/23/2024,1595.0,1595.0,1595.0,1595.0,,-1.79%
02/26/2024,1578.0,1578.0,1578.0,1578.0,,-1.07%
02/27/2024,1581.0,1581.0,1581.0,1581.0,,0.19%
02/28/2024,1627.0,1627.0,1627.0,1627.0,,2.91%
02/29/2024,1681.0,1681.0,1681.0,1681.0,,3.32%
03/01/2024,1723.0,1723.0,1723.0,1723.0,,2.50%
03/04/2024,1773.0,1773.0,1773.0,1773.0,,2.90%
03/05/2024,1805.0,1805.0,1805.0,1805.0,,1.80%
03/06/2024,1823.0,1823.0,1823.0,1823.0,,1.00%
03/07/2024,1840.0,1840.0,1840.0,1840.0,,0.93%
03/08/2024,1861.0,1861.0,1861.0,1861.0,,1.14%
03/11/2024,1893.0,1893.0,1893.0,1893.0,,1.72%
03/12/2024,1949.0,1949.0,1949.0,1949.0,,2.96%
03/13/2024,2043.0,2043.0,2043.0,2043.0,,4.82%
03/14/2024,2133.0,2133.0,2133.0,2133.0,,4.41%
03/15/2024,2234.0,2234.0,2234.0,2234.0,,4.74%
03/18/2024,2298.0,2298.0,2298.0,2298.0,,2.86%
03/19/2024,2306.0,2306.0,2306.0,2306.0,,0.35%
03/20/2024,2251.0,2251.0,2251.0,2251.0,,-2.39%
03/21/2024,2204.0,2204.0,2204.0,2204.0,,-2.09%
03/22/2024,2165.0,2165.0,2165.0,2165.0,,-1.77%
03/25/2024,2120.0,2120.0,2120.0,2120.0,,-2.08%
03/26/2024,2044.0,2044.0,2044.0,2044.0,,-3.58%
03/27/2024,1941.0,1941.0,1941.0,1941.0,,-5.04%
03/28/2024,1879.0,1879.0,1879.0,1879.0,,-3.19%
04/02/2024,1816.0,1816.0,1816.0,1816.0,,-3.35%
04/03/2024,1772.0,1772.0,1772.0,1772.0,,-2.42%
04/04/2024,1733.0,1733.0,1733.0,1733.0,,-2.20%
04/05/2024,1695.0,1695.0,1695.0,1695.0,,-2.19%
04/08/2024,1667.0,1667.0,1667.0,1667.0,,-1.65%
04/09/2024,1633.0,1633.0,1633.0,1633.0,,-2.04%
04/10/2024,1631.0,1631.0,1631.0,1631.0,,-0.12%
04/11/2024,1677.0,1677.0,1677.0,1677.0,,2.82%
04/12/2024,1713.0,1713.0,1713.0,1713.0,,2.15%
04/15/2024,1736.0,1736.0,1736.0,1736.0,,1.34%
04/16/2024,1754.0,1754.0,1754.0,1754.0,,1.04%
04/17/2024,1805.0,1805.0,1805.0,1805.0,,2.91%
04/18/2024,1876.0,1876.0,1876.0,1876.0,,3.93%
04/19/2024,1916.0,1916.0,1916.0,1916.0,,2.13%
04/22/2024,1928.0,1928.0,1928.0,1928.0,,0.63%
04/23/2024,1914.0,1914.0,1914.0,1914.0,,-0.73%
04/24/2024,1910.0,1910.0,1910.0,1910.0,,-0.21%
04/25/2024,1896.0,1896.0,1896.0,1896.0,,-0.73%
04/26/2024,1878.0,1878.0,1878.0,1878.0,,-0.95%
04/29/2024,1858.0,1858.0,1858.0,1858.0,,-1.06%
04/30/2024,1845.0,1845.0,1845.0,1845.0,,-0.70%
05/01/2024,1847.0,1847.0,1847.0,1847.0,,0.11%
05/02/2024,1863.0,1863.0,1863.0,1863.0,,0.87%
05/03/2024,1884.0,1884.0,1884.0,1884.0,,1.13%
05/07/2024,1949.0,1949.0,1949.0,1949.0,,3.45%
05/08/2024,2005.0,2005.0,2005.0,2005.0,,2.87%
05/09/2024,2020.0,2020.0,2020.0,2020.0,,0.75%
05/10/2024,2026.0,2026.0,2026.0,2026.0,,0.30%
05/13/2024,2017.0,2017.0,2017.0,2017.0,,-0.44%
05/14/2024,1978.0,1978.0,1978.0,1978.0,,-1.93%
05/15/2024,1905.0,1905.0,1905.0,1905.0,,-3.69%
05/16/2024,1845.0,1845.0,1845.0,1845.0,,-3.15%
05/17/2024,1825.0,1825.0,1825.0,1825.0,,-1.08%
05/20/2024,1811.0,1811.0,1811.0,1811.0,,-0.77%
05/21/2024,1822.0,1822.0,1822.0,1822.0,,0.61%
05/22/2024,1831.0,1831.0,1831.0,1831.0,,0.49%
05/23/2024,1832.0,1832.0,1832.0,1832.0,,0.05%
05/24/2024,1824.0,1824.0,1824.0,1824.0,,-0.44%
05/28/2024,1801.0,1801.0,1801.0,1801.0,,-1.26%
05/29/2024,1762.0,1762.0,1762.0,1762.0,,-2.17%
05/30/2024,1718.0,1718.0,1718.0,1718.0,,-2.50%
05/31/2024,1693.0,1693.0,1693.0,1693.0,,-1.46%
06/03/2024,1681.0,1681.0,1681.0,1681.0,,-0.71%
06/04/2024,1679.0,1679.0,1679.0,1679.0,,-0.12%
06/05/2024,1702.0,1702.0,1702.0,1702.0,,1.37%
06/06/2024,1731.0,1731.0,1731.0,1731.0,,1.70%
06/07/2024,1750.0,1750.0,1750.0,1750.0,,1.10%
06/10/2024,1769.0,1769.0,1769.0,1769.0,,1.09%
06/11/2024,1807.0,1807.0,1807.0,1807.0,,2.15%
06/12/2024,1864.0,1864.0,1864.0,1864.0,,3.15%
06/13/2024,1920.0,1920.0,1920.0,1920.0,,3.00%
06/14/2024,1950.0,1950.0,1950.0,1950.0,,1.56%
06/17/2024,1960.0,1960.0,1960.0,1960.0,,0.51%
06/18/2024,1954.0,1954.0,1954.0,1954.0,,-0.31%
06/19/2024,1919.0,1919.0,1919.0,1919.0,,-1.79%
06/20/2024,1867.0,1867.0,1867.0,1867.0,,-2.71%
06/21/2024,1827.0,1827.0,1827.0,1827.0,,-2.14%
06/24/2024,1792.0,1792.0,1792.0,1792.0,,-1.92%
06/25/2024,1735.0,1735.0,1735.0,1735.0,,-3.18%
06/26/2024,1683.0,1683.0,1683.0,1683.0,,-3.00%
06/27/2024,1672.0,1672.0,1672.0,1672.0,,-0.65%
06/28/2024,1667.0,1667.0,1667.0,1667.0,,-0.30%
07/01/2024,1662.0,1662.0,1662.0,1662.0,,-0.30%
07/02/2024,1640.0,1640.0,1640.0,1640.0,,-1.32%
07/03/2024,1607.0,1607.0,1607.0,1607.0,,-2.01%
07/04/2024,1568.0,1568.0,1568.0,1568.0,,-2.43%
07/05/2024,1546.0,1546.0,1546.0,1546.0,,-1.40%
07/08/2024,1531.0,1531.0,1531.0,1531.0,,-0.97%
07/09/2024,1536.0,1536.0,1536.0,1536.0,,0.33%
07/10/2024,1579.0,1579.0,1579.0,1579.0,,2.80%
07/11/2024,1638.0,1638.0,1638.0,1638.0,,3.74%
07/12/2024,1678.0,1678.0,1678.0,1678.0,,2.44%
07/15/2024,1702.0,1702.0,1702.0,1702.0,,1.43%
07/16/2024,1713.0,1713.0,1713.0,1713.0,,0.65%
07/17/2024,1713.0,1713.0,1713.0,1713.0,,0.00%
07/18/2024,1714.0,1714.0,1714.0,1714.0,,0.06%
07/19/2024,1714.0,1714.0,1714.0,1714.0,,0.00%
07/22/2024,1712.0,1712.0,1712.0,1712.0,,-0.12%
07/23/2024,1728.0,1728.0,1728.0,1728.0,,0.93%
07/24/2024,1765.0,1765.0,1765.0,1765.0,,2.14%
07/25/2024,1785.0,1785.0,1785.0,1785.0,,1.13%
07/26/2024,1792.0,1792.0,1792.0,1792.0,,0.39%
07/29/2024,1792.0,1792.0,1792.0,1792.0,,0.00%
07/30/2024,1772.0,1772.0,1772.0,1772.0,,-1.12%
07/31/2024,1739.0,1739.0,1739.0,1739.0,,-1.86%
08/01/2024,1713.0,1713.0,1713.0,1713.0,,-1.50%
08/02/2024,1705.0,1705.0,1705.0,1705.0,,-0.47%
08/05/2024,1697.0,1697.0,1697.0,1697.0,,-0.47%
08/06/2024,1678.0,1678.0,1678.0,1678.0,,-1.12%
08/07/2024,1651.0,1651.0,1651.0,1651.0,,-1.61%
08/08/2024,1620.0,1620.0,1620.0,1620.0,,-1.88%
08/09/2024,1599.0,1599.0,1599.0,1599.0,,-1.30%
08/12/2024,1584.0,1584.0,1584.0,1584.0,,-0.94%
08/13/2024,1563.0,1563.0,1563.0,1563.0,,-1.33%
08/14/2024,1560.0,1560.0,1560.0,1560.0,,-0.19%
08/15/2024,1554.0,1554.0,1554.0,1554.0,,-0.38%
08/16/2024,1552.0,1552.0,1552.0,1552.0,,-0.13%
08/19/2024,1544.0,1544.0,1544.0,1544.0,,-0.52%
08/20/2024,1521.0,1521.0,1521.0,1521.0,,-1.49%
08/21/2024,1487.0,1487.0,1487.0,1487.0,,-2.24%
08/22/2024,1444.0,1444.0,1444.0,1444.0,,-2.89%
08/23/2024,1414.0,1414.0,1414.0,1414.0,,-2.08%
08/27/2024,1381.0,1381.0,1381.0,1381.0,,-2.33%
08/28/2024,1350.0,1350.0,1350.0,1350.0,,-2.24%
08/29/2024,1331.0,1331.0,1331.0,1331.0,,-1.41%
08/30/2024,1316.0,1316.0,1316.0,1316.0,,-1.13%
09/02/2024,1305.0,1305.0,1305.0,1305.0,,-0.84%
09/03/2024,1300.0,1300.0,1300.0,1300.0,,-0.38%
09/04/2024,1300.0,1300.0,1300.0,1300.0,,0.00%
09/05/2024,1294.0,1294.0,1294.0,1294.0,,-0.46%
09/06/2024,1294.0,1294.0,1294.0,1294.0,,0.00%
09/09/2024,1302.0,1302.0,1302.0,1302.0,,0.62%
09/10/2024,1317.0,1317.0,1317.0,1317.0,,1.15%
09/11/2024,1356.0,1356.0,1356.0,1356.0,,2.96%
09/12/2024,1402.0,1402.0,1402.0,1402.0,,3.39%
09/13/2024,1428.0,1428.0,1428.0,1428.0,,1.85%
09/16/2024,1442.0,1442.0,1442.0,1442.0,,0.98%
09/17/2024,1466.0,1466.0,1466.0,1466.0,,1.66%
09/18/2024,1502.0,1502.0,1502.0,1502.0,,2.46%
09/19/2024,1528.0,1528.0,1528.0,1528.0,,1.73%
09/20/2024,1538.0,1538.0,1538.0,1538.0,,0.65%
09/23/2024,1552.0,1552.0,1552.0,1552.0,,0.91%
09/24/2024,1560.0,1560.0,1560.0,1560.0,,0.52%
09/25/2024,1543.0,1543.0,1543.0,1543.0,,-1.09%
09/26/2024,1498.0,1498.0,1498.0,1498.0,,-2.92%
09/27/2024,1446.0,1446.0,1446.0,1446.0,,-3.47%
09/30/2024,1414.0,1414.0,1414.0,1414.0,,-2.21%
10/01/2024,1386.0,1386.0,1386.0,1386.0,,-1.98%
10/02/2024,1364.0,1364.0,1364.0,1364.0,,-1.59%
10/03/2024,1367.0,1367.0,1367.0,1367.0,,0.22%
10/04/2024,1388.0,1388.0,1388.0,1388.0,,1.54%
10/07/2024,1415.0,1415.0,1415.0,1415.0,,1.95%
10/08/2024,1441.0,1441.0,1441.0,1441.0,,1.84%
10/09/2024,1457.0,1457.0,1457.0,1457.0,,1.11%
10/10/2024,1455.0,1455.0,1455.0,1455.0,,-0.14%
10/11/2024,1435.0,1435.0,1435.0,1435.0,,-1.37%
10/14/2024,1409.0,1409.0,1409.0,1409.0,,-1.81%
10/15/2024,1364.0,1364.0,1364.0,1364.0,,-3.19%
10/16/2024,1309.0,1309.0,1309.0,1309.0,,-4.03%
10/17/2024,1288.0,1288.0,1288.0,1288.0,,-1.60%
10/18/2024,1285.0,1285.0,1285.0,1285.0,,-0.23%
10/21/2024,1278.0,1278.0,1278.0,1278.0,,-0.54%
10/22/2024,1260.0,1260.0,1260.0,1260.0,,-1.41%
10/23/2024,1238.0,1238.0,1238.0,1238.0,,-1.75%
10/24/2024,1216.0,1216.0,1216.0,1216.0,,-1.78%
10/25/2024,1201.0,1201.0,1201.0,1201.0,,-1.23%
10/28/2024,1190.0,1190.0,1190.0,1190.0,,-0.92%
10/29/2024,1195.0,1195.0,1195.0,1195.0,,0.42%
10/30/2024,1202.0,1202.0,1202.0,1202.0,,0.59%
10/31/2024,1204.0,1204.0,1204.0,1204.0,,0.17%
11/01/2024,1199.0,1199.0,1199.0,1199.0,,-0.42%
11/04/2024,1195.0,1195.0,1195.0,1195.0,,-0.33%
11/05/2024,1191.0,1191.0,1191.0,1191.0,,-0.33%
11/06/2024,1185.0,1185.0,1185.0,1185.0,,-0.50%
11/07/2024,1178.0,1178.0,1178.0,1178.0,,-0.59%
11/08/2024,1176.0,1176.0,1176.0,1176.0,,-0.17%
11/11/2024,1182.0,1182.0,1182.0,1182.0,,0.51%
11/12/2024,1194.0,1194.0,1194.0,1194.0,,1.02%
11/13/2024,1208.0,1208.0,1208.0,1208.0,,1.17%
11/14/2024,1213.0,1213.0,1213.0,1213.0,,0.41%
11/15/2024,1212.0,1212.0,1212.0,1212.0,,-0.08%
11/18/2024,1202.0,1202.0,1202.0,1202.0,,-0.83%
11/19/2024,1171.0,1171.0,1171.0,1171.0,,-2.58%
11/20/2024,1138.0,1138.0,1138.0,1138.0,,-2.82%
11/21/2024,1106.0,1106.0,1106.0,1106.0,,-2.81%
11/22/2024,1083.0,1083.0,1083.0,1083.0,,-2.08%
11/25/2024,1068.0,1068.0,1068.0,1068.0,,-1.39%
11/26/2024,1056.0,1056.0,1056.0,1056.0,,-1.12%
11/27/2024,1044.0,1044.0,1044.0,1044.0,,-1.14%
11/28/2024,1028.0,1028.0,1028.0,1028.0,,-1.53%
11/29/2024,1018.0,1018.0,1018.0,1018.0,,-0.97%
12/02/2024,1009.0,1009.0,1009.0,1009.0,,-0.88%
12/03/2024,1005.0,1005.0,1005.0,1005.0,,-0.40%
12/04/2024,1014.0,1014.0,1014.0,1014.0,,0.90%
12/05/2024,1040.0,1040.0,1040.0,1040.0,,2.56%
12/06/2024,1067.0,1067.0,1067.0,1067.0,,2.60%
12/09/2024,1079.0,1079.0,1079.0,1079.0,,1.12%
12/10/2024,1077.0,1077.0,1077.0,1077.0,,-0.19%
12/11/2024,1053.0,1053.0,1053.0,1053.0,,-2.23%
12/12/2024,1021.0,1021.0,1021.0,1021.0,,-3.04%
12/13/2024,995.0,995.0,995.0,995.0,,-2.55%
12/16/2024,977.0,977.0,977.0,977.0,,-1.81%
12/17/2024,959.0,959.0,959.0,959.0,,-1.84%
12/18/2024,957.0,957.0,957.0,957.0,,-0.21%
12/19/2024,964.0,964.0,964.0,964.0,,0.73%
12/20/2024,976.0,976.0,976.0,976.0,,1.24%
12/23/2024,980.0,980.0,980.0,980.0,,0.41%
12/24/2024,988.0,988.0,988.0,988.0,,0.82%
01/02/2025,1000.0,1000.0,1000.0,1000.0,,1.21%
01/03/2025,1040.0,1040.0,1040.0,1040.0,,4.00%
01/06/2025,1061.0,1061.0,1061.0,1061.0,,2.02%
01/07/2025,1061.0,1061.0,1061.0,1061.0,,0.00%
01/08/2025,1037.0,1037.0,1037.0,1037.0,,-2.26%
01/09/2025,992.0,992.0,992.0,992.0,,-4.34%
01/10/2025,953.0,953.0,953.0,953.0,,-3.93%
01/13/2025,926.0,926.0,926.0,926.0,,-2.83%
01/14/2025,906.0,906.0,906.0,906.0,,-2.16%
01/15/2025,894.0,894.0,894.0,894.0,,-1.32%
01/16/2025,896.0,896.0,896.0,896.0,,0.22%
01/17/2025,897.0,897.0,897.0,897.0,,0.11%
01/20/2025,893.0,893.0,893.0,893.0,,-0.45%
01/21/2025,874.0,874.0,874.0,874.0,,-2.13%
01/22/2025,843.0,843.0,843.0,843.0,,-3.55%
01/23/2025,804.0,804.0,804.0,804.0,,-4.63%
01/24/2025,774.0,774.0,774.0,774.0,,-3.73%
01/27/2025,759.0,759.0,759.0,759.0,,-1.94%
01/28/2025,748.0,748.0,748.0,748.0,,-1.45%
01/29/2025,751.0,751.0,751.0,751.0,,0.40%
01/30/2025,767.0,767.0,767.0,767.0,,2.13%
01/31/2025,800.0,800.0,800.0,800.0,,4.30%
02/03/2025,830.0,830.0,830.0,830.0,,3.75%
02/04/2025,901.0,901.0,901.0,901.0,,8.55%
02/05/2025,988.0,988.0,988.0,988.0,,9.66%
02/06/2025,1029.0,1029.0,1029.0,1029.0,,4.15%
02/07/2025,1035.0,1035.0,1035.0,1035.0,,0.58%
02/10/2025,1028.0,1028.0,1028.0,1028.0,,-0.68%
02/11/2025,1011.0,1011.0,1011.0,1011.0,,-1.65%
02/12/2025,983.0,983.0,983.0,983.0,,-2.77%
02/13/2025,974.0,974.0,974.0,974.0,,-0.92%
02/14/2025,980.0,980.0,980.0,980.0,,0.62%
02/17/2025,997.0,997.0,997.0,997.0,,1.73%
02/18/2025,1042.0,1042.0,1042.0,1042.0,,4.51%
02/19/2025,1104.0,1104.0,1104.0,1104.0,,5.95%
02/20/2025,1144.0,1144.0,1144.0,1144.0,,3.62%
02/21/2025,1170.0,1170.0,1170.0,1170.0,,2.27%
02/24/2025,1177.0,1177.0,1177.0,1177.0,,0.60%
02/25/2025,1156.0,1156.0,1156.0,1156.0,,-1.78%
02/26/2025,1128.0,1128.0,1128.0,1128.0,,-2.42%
02/27/2025,1092.0,1092.0,1092.0,1092.0,,-3.19%
02/28/2025,1063.0,1063.0,1063.0,1063.0,,-2.66%
03/03/2025,1045.0,1045.0,1045.0,1045.0,,-1.69%
03/04/2025,1024.0,1024.0,1024.0,1024.0,,-2.01%
03/05/2025,1000.0,1000.0,1000.0,1000.0,,-2.34%
03/06/2025,992.0,992.0,992.0,992.0,,-0.80%
03/20/2025,1357.0,1357.0,1357.0,1357.0,,36.79%
03/28/2025,1497.0,1497.0,1497.0,1497.0,,10.32%
03/31/2025,1501.0,1501.0,1501.0,1501.0,,0.27%
