"Date","Price","Open","High","Low","Vol.","Change %"
"27-03-2025","1,007.00","1,007.00","1,007.00","1,007.00","","-0.79%"
"25-03-2025","1,015.00","1,015.00","1,015.00","1,015.00","","0.20%"
"24-03-2025","1,013.00","1,013.00","1,013.00","1,013.00","","0.10%"
"21-03-2025","1,012.00","1,012.00","1,012.00","1,012.00","","0.20%"
"20-03-2025","1,010.00","1,010.00","1,010.00","1,010.00","","16.90%"
"06-03-2025","864.00","864.00","864.00","864.00","","-0.46%"
"05-03-2025","868.00","868.00","868.00","868.00","","-0.91%"
"04-03-2025","876.00","876.00","876.00","876.00","","-1.24%"
"03-03-2025","887.00","887.00","887.00","887.00","","-0.89%"
"28-02-2025","895.00","895.00","895.00","895.00","","-0.89%"
"27-02-2025","903.00","903.00","903.00","903.00","","-0.44%"
"26-02-2025","907.00","907.00","907.00","907.00","","0.33%"
"25-02-2025","904.00","904.00","904.00","904.00","","1.01%"
"24-02-2025","895.00","895.00","895.00","895.00","","1.02%"
"21-02-2025","886.00","886.00","886.00","886.00","","2.31%"
"20-02-2025","866.00","866.00","866.00","866.00","","3.22%"
"19-02-2025","839.00","839.00","839.00","839.00","","3.20%"
"18-02-2025","813.00","813.00","813.00","813.00","","4.10%"
"17-02-2025","781.00","781.00","781.00","781.00","","2.09%"
"14-02-2025","765.00","765.00","765.00","765.00","","3.24%"
"13-02-2025","741.00","741.00","741.00","741.00","","2.35%"
"12-02-2025","724.00","724.00","724.00","724.00","","1.97%"
"11-02-2025","710.00","710.00","710.00","710.00","","2.31%"
"10-02-2025","694.00","694.00","694.00","694.00","","2.51%"
"07-02-2025","677.00","677.00","677.00","677.00","","4.31%"
"06-02-2025","649.00","649.00","649.00","649.00","","4.85%"
"05-02-2025","619.00","619.00","619.00","619.00","","2.31%"
"04-02-2025","605.00","605.00","605.00","605.00","","0.50%"
"03-02-2025","602.00","602.00","602.00","602.00","","-0.17%"
"31-01-2025","603.00","603.00","603.00","603.00","","-0.33%"
"30-01-2025","605.00","605.00","605.00","605.00","","-1.14%"
"29-01-2025","612.00","612.00","612.00","612.00","","-1.13%"
"28-01-2025","619.00","619.00","619.00","619.00","","-1.59%"
"27-01-2025","629.00","629.00","629.00","629.00","","-1.56%"
"24-01-2025","639.00","639.00","639.00","639.00","","-2.29%"
"23-01-2025","654.00","654.00","654.00","654.00","","-2.97%"
"22-01-2025","674.00","674.00","674.00","674.00","","-4.13%"
"21-01-2025","703.00","703.00","703.00","703.00","","-3.30%"
"20-01-2025","727.00","727.00","727.00","727.00","","-2.68%"
"17-01-2025","747.00","747.00","747.00","747.00","","-2.35%"
"16-01-2025","765.00","765.00","765.00","765.00","","-2.30%"
"15-01-2025","783.00","783.00","783.00","783.00","","-1.88%"
"14-01-2025","798.00","798.00","798.00","798.00","","-1.36%"
"13-01-2025","809.00","809.00","809.00","809.00","","-1.22%"
"10-01-2025","819.00","819.00","819.00","819.00","","-1.33%"
"09-01-2025","830.00","830.00","830.00","830.00","","-1.89%"
"08-01-2025","846.00","846.00","846.00","846.00","","-1.17%"
"07-01-2025","856.00","856.00","856.00","856.00","","-1.27%"
"06-01-2025","867.00","867.00","867.00","867.00","","-1.92%"
"03-01-2025","884.00","884.00","884.00","884.00","","-1.67%"
"02-01-2025","899.00","899.00","899.00","899.00","","-2.60%"
"24-12-2024","923.00","923.00","923.00","923.00","","-0.97%"
"23-12-2024","932.00","932.00","932.00","932.00","","-0.85%"
"20-12-2024","940.00","940.00","940.00","940.00","","-0.42%"
"19-12-2024","944.00","944.00","944.00","944.00","","-0.32%"
"18-12-2024","947.00","947.00","947.00","947.00","","-0.21%"
"17-12-2024","949.00","949.00","949.00","949.00","","-0.63%"
"16-12-2024","955.00","955.00","955.00","955.00","","-0.42%"
"13-12-2024","959.00","959.00","959.00","959.00","","-0.21%"
"12-12-2024","961.00","961.00","961.00","961.00","","-0.10%"
"11-12-2024","962.00","962.00","962.00","962.00","","-0.52%"
"10-12-2024","967.00","967.00","967.00","967.00","","-0.41%"
"09-12-2024","971.00","971.00","971.00","971.00","","-0.31%"
"06-12-2024","974.00","974.00","974.00","974.00","","-0.51%"
"05-12-2024","979.00","979.00","979.00","979.00","","-0.31%"
"04-12-2024","982.00","982.00","982.00","982.00","","0.31%"
"03-12-2024","979.00","979.00","979.00","979.00","","0.00%"
"02-12-2024","979.00","979.00","979.00","979.00","","-0.10%"
"29-11-2024","980.00","980.00","980.00","980.00","","-0.91%"
"28-11-2024","989.00","989.00","989.00","989.00","","0.10%"
"27-11-2024","988.00","988.00","988.00","988.00","","0.30%"
"26-11-2024","985.00","985.00","985.00","985.00","","0.10%"
"25-11-2024","984.00","984.00","984.00","984.00","","0.00%"
"22-11-2024","984.00","984.00","984.00","984.00","","-0.30%"
"21-11-2024","987.00","987.00","987.00","987.00","","-0.50%"
"20-11-2024","992.00","992.00","992.00","992.00","","-0.70%"
"19-11-2024","999.00","999.00","999.00","999.00","","-0.99%"
"18-11-2024","1,009.00","1,009.00","1,009.00","1,009.00","","-0.98%"
"15-11-2024","1,019.00","1,019.00","1,019.00","1,019.00","","-0.97%"
"14-11-2024","1,029.00","1,029.00","1,029.00","1,029.00","","-0.68%"
"13-11-2024","1,036.00","1,036.00","1,036.00","1,036.00","","-1.43%"
"12-11-2024","1,051.00","1,051.00","1,051.00","1,051.00","","-1.22%"
"11-11-2024","1,064.00","1,064.00","1,064.00","1,064.00","","-1.39%"
"08-11-2024","1,079.00","1,079.00","1,079.00","1,079.00","","-1.73%"
"07-11-2024","1,098.00","1,098.00","1,098.00","1,098.00","","-1.79%"
"06-11-2024","1,118.00","1,118.00","1,118.00","1,118.00","","-1.58%"
"05-11-2024","1,136.00","1,136.00","1,136.00","1,136.00","","-1.56%"
"04-11-2024","1,154.00","1,154.00","1,154.00","1,154.00","","-0.77%"
"01-11-2024","1,163.00","1,163.00","1,163.00","1,163.00","","-1.61%"
"31-10-2024","1,182.00","1,182.00","1,182.00","1,182.00","","-2.07%"
"30-10-2024","1,207.00","1,207.00","1,207.00","1,207.00","","-1.15%"
"29-10-2024","1,221.00","1,221.00","1,221.00","1,221.00","","-1.05%"
"28-10-2024","1,234.00","1,234.00","1,234.00","1,234.00","","-0.48%"
"25-10-2024","1,240.00","1,240.00","1,240.00","1,240.00","","-0.40%"
"24-10-2024","1,245.00","1,245.00","1,245.00","1,245.00","","-0.32%"
"23-10-2024","1,249.00","1,249.00","1,249.00","1,249.00","","0.00%"
"22-10-2024","1,249.00","1,249.00","1,249.00","1,249.00","","-0.08%"
"21-10-2024","1,250.00","1,250.00","1,250.00","1,250.00","","0.00%"
"18-10-2024","1,250.00","1,250.00","1,250.00","1,250.00","","-0.32%"
"17-10-2024","1,254.00","1,254.00","1,254.00","1,254.00","","-0.24%"
"16-10-2024","1,257.00","1,257.00","1,257.00","1,257.00","","-0.24%"
"15-10-2024","1,260.00","1,260.00","1,260.00","1,260.00","","-0.16%"
"14-10-2024","1,262.00","1,262.00","1,262.00","1,262.00","","-0.55%"
"11-10-2024","1,269.00","1,269.00","1,269.00","1,269.00","","-0.39%"
"10-10-2024","1,274.00","1,274.00","1,274.00","1,274.00","","0.31%"
"09-10-2024","1,270.00","1,270.00","1,270.00","1,270.00","","0.47%"
"08-10-2024","1,264.00","1,264.00","1,264.00","1,264.00","","0.56%"
"07-10-2024","1,257.00","1,257.00","1,257.00","1,257.00","","-0.08%"
"04-10-2024","1,258.00","1,258.00","1,258.00","1,258.00","","-0.16%"
"03-10-2024","1,260.00","1,260.00","1,260.00","1,260.00","","-0.94%"
"02-10-2024","1,272.00","1,272.00","1,272.00","1,272.00","","-0.86%"
"01-10-2024","1,283.00","1,283.00","1,283.00","1,283.00","","-1.00%"
"30-09-2024","1,296.00","1,296.00","1,296.00","1,296.00","","-0.77%"
"27-09-2024","1,306.00","1,306.00","1,306.00","1,306.00","","-0.61%"
"26-09-2024","1,314.00","1,314.00","1,314.00","1,314.00","","-0.23%"
"25-09-2024","1,317.00","1,317.00","1,317.00","1,317.00","","0.38%"
"24-09-2024","1,312.00","1,312.00","1,312.00","1,312.00","","0.85%"
"23-09-2024","1,301.00","1,301.00","1,301.00","1,301.00","","0.93%"
"20-09-2024","1,289.00","1,289.00","1,289.00","1,289.00","","1.02%"
"19-09-2024","1,276.00","1,276.00","1,276.00","1,276.00","","0.47%"
"18-09-2024","1,270.00","1,270.00","1,270.00","1,270.00","","0.32%"
"17-09-2024","1,266.00","1,266.00","1,266.00","1,266.00","","0.08%"
"16-09-2024","1,265.00","1,265.00","1,265.00","1,265.00","","0.08%"
"13-09-2024","1,264.00","1,264.00","1,264.00","1,264.00","","0.08%"
"12-09-2024","1,263.00","1,263.00","1,263.00","1,263.00","","0.32%"
"11-09-2024","1,259.00","1,259.00","1,259.00","1,259.00","","0.08%"
"10-09-2024","1,258.00","1,258.00","1,258.00","1,258.00","","-0.08%"
"09-09-2024","1,259.00","1,259.00","1,259.00","1,259.00","","-0.08%"
"06-09-2024","1,260.00","1,260.00","1,260.00","1,260.00","","-0.47%"
"05-09-2024","1,266.00","1,266.00","1,266.00","1,266.00","","-0.39%"
"04-09-2024","1,271.00","1,271.00","1,271.00","1,271.00","","-0.70%"
"03-09-2024","1,280.00","1,280.00","1,280.00","1,280.00","","0.00%"
"02-09-2024","1,280.00","1,280.00","1,280.00","1,280.00","","-1.99%"
"30-08-2024","1,306.00","1,306.00","1,306.00","1,306.00","","-0.46%"
"29-08-2024","1,312.00","1,312.00","1,312.00","1,312.00","","-0.30%"
"28-08-2024","1,316.00","1,316.00","1,316.00","1,316.00","","-0.08%"
"27-08-2024","1,317.00","1,317.00","1,317.00","1,317.00","","-0.08%"
"23-08-2024","1,318.00","1,318.00","1,318.00","1,318.00","","0.38%"
"22-08-2024","1,313.00","1,313.00","1,313.00","1,313.00","","0.23%"
"21-08-2024","1,310.00","1,310.00","1,310.00","1,310.00","","0.08%"
"20-08-2024","1,309.00","1,309.00","1,309.00","1,309.00","","0.31%"
"19-08-2024","1,305.00","1,305.00","1,305.00","1,305.00","","0.08%"
"16-08-2024","1,304.00","1,304.00","1,304.00","1,304.00","","0.31%"
"15-08-2024","1,300.00","1,300.00","1,300.00","1,300.00","","0.23%"
"14-08-2024","1,297.00","1,297.00","1,297.00","1,297.00","","0.39%"
"13-08-2024","1,292.00","1,292.00","1,292.00","1,292.00","","-0.15%"
"12-08-2024","1,294.00","1,294.00","1,294.00","1,294.00","","-0.54%"
"09-08-2024","1,301.00","1,301.00","1,301.00","1,301.00","","-0.08%"
"08-08-2024","1,302.00","1,302.00","1,302.00","1,302.00","","-0.53%"
"07-08-2024","1,309.00","1,309.00","1,309.00","1,309.00","","-0.83%"
"06-08-2024","1,320.00","1,320.00","1,320.00","1,320.00","","-0.75%"
"05-08-2024","1,330.00","1,330.00","1,330.00","1,330.00","","-0.89%"
"02-08-2024","1,342.00","1,342.00","1,342.00","1,342.00","","-0.74%"
"01-08-2024","1,352.00","1,352.00","1,352.00","1,352.00","","-0.81%"
"31-07-2024","1,363.00","1,363.00","1,363.00","1,363.00","","-1.02%"
"30-07-2024","1,377.00","1,377.00","1,377.00","1,377.00","","-0.43%"
"29-07-2024","1,383.00","1,383.00","1,383.00","1,383.00","","-0.22%"
"26-07-2024","1,386.00","1,386.00","1,386.00","1,386.00","","-0.07%"
"25-07-2024","1,387.00","1,387.00","1,387.00","1,387.00","","0.14%"
"24-07-2024","1,385.00","1,385.00","1,385.00","1,385.00","","0.36%"
"23-07-2024","1,380.00","1,380.00","1,380.00","1,380.00","","0.44%"
"22-07-2024","1,374.00","1,374.00","1,374.00","1,374.00","","0.00%"
"19-07-2024","1,374.00","1,374.00","1,374.00","1,374.00","","0.29%"
"18-07-2024","1,370.00","1,370.00","1,370.00","1,370.00","","0.00%"
"17-07-2024","1,370.00","1,370.00","1,370.00","1,370.00","","0.29%"
"16-07-2024","1,366.00","1,366.00","1,366.00","1,366.00","","-0.15%"
"15-07-2024","1,368.00","1,368.00","1,368.00","1,368.00","","0.29%"
"12-07-2024","1,364.00","1,364.00","1,364.00","1,364.00","","0.22%"
"11-07-2024","1,361.00","1,361.00","1,361.00","1,361.00","","0.59%"
"10-07-2024","1,353.00","1,353.00","1,353.00","1,353.00","","0.45%"
"09-07-2024","1,347.00","1,347.00","1,347.00","1,347.00","","0.97%"
"08-07-2024","1,334.00","1,334.00","1,334.00","1,334.00","","-0.07%"
"05-07-2024","1,335.00","1,335.00","1,335.00","1,335.00","","-0.15%"
"04-07-2024","1,337.00","1,337.00","1,337.00","1,337.00","","-0.22%"
"03-07-2024","1,340.00","1,340.00","1,340.00","1,340.00","","-0.81%"
"02-07-2024","1,351.00","1,351.00","1,351.00","1,351.00","","-1.31%"
"01-07-2024","1,369.00","1,369.00","1,369.00","1,369.00","","-1.16%"
"28-06-2024","1,385.00","1,385.00","1,385.00","1,385.00","","-1.00%"
"27-06-2024","1,399.00","1,399.00","1,399.00","1,399.00","","-0.92%"
"26-06-2024","1,412.00","1,412.00","1,412.00","1,412.00","","0.00%"
"25-06-2024","1,412.00","1,412.00","1,412.00","1,412.00","","0.50%"
"24-06-2024","1,405.00","1,405.00","1,405.00","1,405.00","","0.50%"
"21-06-2024","1,398.00","1,398.00","1,398.00","1,398.00","","0.65%"
"20-06-2024","1,389.00","1,389.00","1,389.00","1,389.00","","1.09%"
"19-06-2024","1,374.00","1,374.00","1,374.00","1,374.00","","0.88%"
"18-06-2024","1,362.00","1,362.00","1,362.00","1,362.00","","1.19%"
"17-06-2024","1,346.00","1,346.00","1,346.00","1,346.00","","0.82%"
"14-06-2024","1,335.00","1,335.00","1,335.00","1,335.00","","1.68%"
"13-06-2024","1,313.00","1,313.00","1,313.00","1,313.00","","1.23%"
"12-06-2024","1,297.00","1,297.00","1,297.00","1,297.00","","2.05%"
"11-06-2024","1,271.00","1,271.00","1,271.00","1,271.00","","1.11%"
"10-06-2024","1,257.00","1,257.00","1,257.00","1,257.00","","0.24%"
"07-06-2024","1,254.00","1,254.00","1,254.00","1,254.00","","-0.08%"
"06-06-2024","1,255.00","1,255.00","1,255.00","1,255.00","","-0.24%"
"05-06-2024","1,258.00","1,258.00","1,258.00","1,258.00","","-0.55%"
"04-06-2024","1,265.00","1,265.00","1,265.00","1,265.00","","-0.55%"
"03-06-2024","1,272.00","1,272.00","1,272.00","1,272.00","","-0.47%"
"31-05-2024","1,278.00","1,278.00","1,278.00","1,278.00","","-0.62%"
"30-05-2024","1,286.00","1,286.00","1,286.00","1,286.00","","-0.54%"
"29-05-2024","1,293.00","1,293.00","1,293.00","1,293.00","","-1.22%"
"28-05-2024","1,309.00","1,309.00","1,309.00","1,309.00","","-1.28%"
"24-05-2024","1,326.00","1,326.00","1,326.00","1,326.00","","-1.41%"
"23-05-2024","1,345.00","1,345.00","1,345.00","1,345.00","","-1.90%"
"22-05-2024","1,371.00","1,371.00","1,371.00","1,371.00","","-0.80%"
"21-05-2024","1,382.00","1,382.00","1,382.00","1,382.00","","-0.72%"
"20-05-2024","1,392.00","1,392.00","1,392.00","1,392.00","","-0.93%"
"17-05-2024","1,405.00","1,405.00","1,405.00","1,405.00","","-1.40%"
"16-05-2024","1,425.00","1,425.00","1,425.00","1,425.00","","-1.93%"
"15-05-2024","1,453.00","1,453.00","1,453.00","1,453.00","","-1.49%"
"14-05-2024","1,475.00","1,475.00","1,475.00","1,475.00","","-0.67%"
"13-05-2024","1,485.00","1,485.00","1,485.00","1,485.00","","0.00%"
"10-05-2024","1,485.00","1,485.00","1,485.00","1,485.00","","-0.20%"
"09-05-2024","1,488.00","1,488.00","1,488.00","1,488.00","","0.74%"
"08-05-2024","1,477.00","1,477.00","1,477.00","1,477.00","","1.10%"
"07-05-2024","1,461.00","1,461.00","1,461.00","1,461.00","","0.21%"
"03-05-2024","1,458.00","1,458.00","1,458.00","1,458.00","","-0.55%"
"02-05-2024","1,466.00","1,466.00","1,466.00","1,466.00","","-0.81%"
"01-05-2024","1,478.00","1,478.00","1,478.00","1,478.00","","-0.47%"
"30-04-2024","1,485.00","1,485.00","1,485.00","1,485.00","","-0.47%"
"29-04-2024","1,492.00","1,492.00","1,492.00","1,492.00","","-0.20%"
"26-04-2024","1,495.00","1,495.00","1,495.00","1,495.00","","0.47%"
"25-04-2024","1,488.00","1,488.00","1,488.00","1,488.00","","2.20%"
"24-04-2024","1,456.00","1,456.00","1,456.00","1,456.00","","1.82%"
"23-04-2024","1,430.00","1,430.00","1,430.00","1,430.00","","1.42%"
"22-04-2024","1,410.00","1,410.00","1,410.00","1,410.00","","1.15%"
"19-04-2024","1,394.00","1,394.00","1,394.00","1,394.00","","2.12%"
"18-04-2024","1,365.00","1,365.00","1,365.00","1,365.00","","2.09%"
"17-04-2024","1,337.00","1,337.00","1,337.00","1,337.00","","1.98%"
"16-04-2024","1,311.00","1,311.00","1,311.00","1,311.00","","2.42%"
"15-04-2024","1,280.00","1,280.00","1,280.00","1,280.00","","0.63%"
"12-04-2024","1,272.00","1,272.00","1,272.00","1,272.00","","0.87%"
"11-04-2024","1,261.00","1,261.00","1,261.00","1,261.00","","0.08%"
"10-04-2024","1,260.00","1,260.00","1,260.00","1,260.00","","0.08%"
"09-04-2024","1,259.00","1,259.00","1,259.00","1,259.00","","0.08%"
"08-04-2024","1,258.00","1,258.00","1,258.00","1,258.00","","-0.24%"
"05-04-2024","1,261.00","1,261.00","1,261.00","1,261.00","","-0.94%"
"04-04-2024","1,273.00","1,273.00","1,273.00","1,273.00","","-0.86%"
"03-04-2024","1,284.00","1,284.00","1,284.00","1,284.00","","-1.46%"
"02-04-2024","1,303.00","1,303.00","1,303.00","1,303.00","","-2.10%"
"28-03-2024","1,331.00","1,331.00","1,331.00","1,331.00","","-1.63%"
"27-03-2024","1,353.00","1,353.00","1,353.00","1,353.00","","-1.60%"
"26-03-2024","1,375.00","1,375.00","1,375.00","1,375.00","","-0.79%"
"25-03-2024","1,386.00","1,386.00","1,386.00","1,386.00","","0.22%"
"22-03-2024","1,383.00","1,383.00","1,383.00","1,383.00","","0.29%"
"21-03-2024","1,379.00","1,379.00","1,379.00","1,379.00","","0.66%"
"20-03-2024","1,370.00","1,370.00","1,370.00","1,370.00","","1.41%"
"19-03-2024","1,351.00","1,351.00","1,351.00","1,351.00","","0.97%"
"18-03-2024","1,338.00","1,338.00","1,338.00","1,338.00","","0.90%"
"15-03-2024","1,326.00","1,326.00","1,326.00","1,326.00","","0.91%"
"14-03-2024","1,314.00","1,314.00","1,314.00","1,314.00","","1.00%"
"13-03-2024","1,301.00","1,301.00","1,301.00","1,301.00","","-0.38%"
"12-03-2024","1,306.00","1,306.00","1,306.00","1,306.00","","-0.76%"
"11-03-2024","1,316.00","1,316.00","1,316.00","1,316.00","","-0.15%"
"08-03-2024","1,318.00","1,318.00","1,318.00","1,318.00","","0.08%"
"07-03-2024","1,317.00","1,317.00","1,317.00","1,317.00","","0.38%"
"06-03-2024","1,312.00","1,312.00","1,312.00","1,312.00","","1.16%"
"05-03-2024","1,297.00","1,297.00","1,297.00","1,297.00","","1.17%"
"04-03-2024","1,282.00","1,282.00","1,282.00","1,282.00","","1.18%"
"01-03-2024","1,267.00","1,267.00","1,267.00","1,267.00","","0.80%"
"29-02-2024","1,257.00","1,257.00","1,257.00","1,257.00","","1.45%"
"28-02-2024","1,239.00","1,239.00","1,239.00","1,239.00","","1.56%"
"27-02-2024","1,220.00","1,220.00","1,220.00","1,220.00","","1.84%"
"26-02-2024","1,198.00","1,198.00","1,198.00","1,198.00","","0.76%"
"23-02-2024","1,189.00","1,189.00","1,189.00","1,189.00","","1.28%"
"22-02-2024","1,174.00","1,174.00","1,174.00","1,174.00","","1.73%"
"21-02-2024","1,154.00","1,154.00","1,154.00","1,154.00","","2.21%"
"20-02-2024","1,129.00","1,129.00","1,129.00","1,129.00","","3.58%"
"19-02-2024","1,090.00","1,090.00","1,090.00","1,090.00","","1.77%"
"16-02-2024","1,071.00","1,071.00","1,071.00","1,071.00","","1.23%"
"15-02-2024","1,058.00","1,058.00","1,058.00","1,058.00","","0.57%"
"14-02-2024","1,052.00","1,052.00","1,052.00","1,052.00","","0.48%"
"13-02-2024","1,047.00","1,047.00","1,047.00","1,047.00","","-0.10%"
"12-02-2024","1,048.00","1,048.00","1,048.00","1,048.00","","-0.47%"
"09-02-2024","1,053.00","1,053.00","1,053.00","1,053.00","","0.29%"
"08-02-2024","1,050.00","1,050.00","1,050.00","1,050.00","","0.29%"
"07-02-2024","1,047.00","1,047.00","1,047.00","1,047.00","","0.58%"
"06-02-2024","1,041.00","1,041.00","1,041.00","1,041.00","","0.39%"
"05-02-2024","1,037.00","1,037.00","1,037.00","1,037.00","","-0.38%"
"02-02-2024","1,041.00","1,041.00","1,041.00","1,041.00","","-0.67%"
"01-02-2024","1,048.00","1,048.00","1,048.00","1,048.00","","-0.66%"
"31-01-2024","1,055.00","1,055.00","1,055.00","1,055.00","","-0.57%"
"30-01-2024","1,061.00","1,061.00","1,061.00","1,061.00","","-0.38%"
"29-01-2024","1,065.00","1,065.00","1,065.00","1,065.00","","0.00%"
"26-01-2024","1,065.00","1,065.00","1,065.00","1,065.00","","0.28%"
"25-01-2024","1,062.00","1,062.00","1,062.00","1,062.00","","1.14%"
"24-01-2024","1,050.00","1,050.00","1,050.00","1,050.00","","1.65%"
"23-01-2024","1,033.00","1,033.00","1,033.00","1,033.00","","0.58%"
"22-01-2024","1,027.00","1,027.00","1,027.00","1,027.00","","-0.29%"
"19-01-2024","1,030.00","1,030.00","1,030.00","1,030.00","","0.10%"
"18-01-2024","1,029.00","1,029.00","1,029.00","1,029.00","","-0.96%"
"17-01-2024","1,039.00","1,039.00","1,039.00","1,039.00","","-1.98%"
"16-01-2024","1,060.00","1,060.00","1,060.00","1,060.00","","-1.67%"
"15-01-2024","1,078.00","1,078.00","1,078.00","1,078.00","","-0.92%"
"12-01-2024","1,088.00","1,088.00","1,088.00","1,088.00","","-1.81%"
"11-01-2024","1,108.00","1,108.00","1,108.00","1,108.00","","-2.38%"
"10-01-2024","1,135.00","1,135.00","1,135.00","1,135.00","","-2.32%"
"09-01-2024","1,162.00","1,162.00","1,162.00","1,162.00","","-2.68%"
"08-01-2024","1,194.00","1,194.00","1,194.00","1,194.00","","-1.49%"
"05-01-2024","1,212.00","1,212.00","1,212.00","1,212.00","","-1.94%"
"04-01-2024","1,236.00","1,236.00","1,236.00","1,236.00","","-2.75%"
"03-01-2024","1,271.00","1,271.00","1,271.00","1,271.00","","-2.83%"
"02-01-2024","1,308.00","1,308.00","1,308.00","1,308.00","","-4.46%"
"22-12-2023","1,369.00","1,369.00","1,369.00","1,369.00","","-0.65%"
"21-12-2023","1,378.00","1,378.00","1,378.00","1,378.00","","-1.36%"
"20-12-2023","1,397.00","1,397.00","1,397.00","1,397.00","","-0.78%"
"19-12-2023","1,408.00","1,408.00","1,408.00","1,408.00","","-0.78%"
"18-12-2023","1,419.00","1,419.00","1,419.00","1,419.00","","-0.49%"
"15-12-2023","1,426.00","1,426.00","1,426.00","1,426.00","","-1.11%"
"14-12-2023","1,442.00","1,442.00","1,442.00","1,442.00","","-1.44%"
"13-12-2023","1,463.00","1,463.00","1,463.00","1,463.00","","-1.15%"
"12-12-2023","1,480.00","1,480.00","1,480.00","1,480.00","","-1.73%"
"11-12-2023","1,506.00","1,506.00","1,506.00","1,506.00","","-0.99%"
"08-12-2023","1,521.00","1,521.00","1,521.00","1,521.00","","-1.11%"
"07-12-2023","1,538.00","1,538.00","1,538.00","1,538.00","","-0.90%"
"06-12-2023","1,552.00","1,552.00","1,552.00","1,552.00","","-0.83%"
"05-12-2023","1,565.00","1,565.00","1,565.00","1,565.00","","2.56%"
"04-12-2023","1,526.00","1,526.00","1,526.00","1,526.00","","2.48%"
"01-12-2023","1,489.00","1,489.00","1,489.00","1,489.00","","4.49%"
"30-11-2023","1,425.00","1,425.00","1,425.00","1,425.00","","4.78%"
"29-11-2023","1,360.00","1,360.00","1,360.00","1,360.00","","2.95%"
"28-11-2023","1,321.00","1,321.00","1,321.00","1,321.00","","2.24%"
"27-11-2023","1,292.00","1,292.00","1,292.00","1,292.00","","1.02%"
"24-11-2023","1,279.00","1,279.00","1,279.00","1,279.00","","1.11%"
"23-11-2023","1,265.00","1,265.00","1,265.00","1,265.00","","1.44%"
"22-11-2023","1,247.00","1,247.00","1,247.00","1,247.00","","1.22%"
"21-11-2023","1,232.00","1,232.00","1,232.00","1,232.00","","1.23%"
"20-11-2023","1,217.00","1,217.00","1,217.00","1,217.00","","1.00%"
"17-11-2023","1,205.00","1,205.00","1,205.00","1,205.00","","2.29%"
"16-11-2023","1,178.00","1,178.00","1,178.00","1,178.00","","3.24%"
"15-11-2023","1,141.00","1,141.00","1,141.00","1,141.00","","0.71%"
"14-11-2023","1,133.00","1,133.00","1,133.00","1,133.00","","0.53%"
"13-11-2023","1,127.00","1,127.00","1,127.00","1,127.00","","0.18%"
"10-11-2023","1,125.00","1,125.00","1,125.00","1,125.00","","0.81%"
"09-11-2023","1,116.00","1,116.00","1,116.00","1,116.00","","1.09%"
"08-11-2023","1,104.00","1,104.00","1,104.00","1,104.00","","0.64%"
"07-11-2023","1,097.00","1,097.00","1,097.00","1,097.00","","-0.09%"
"06-11-2023","1,098.00","1,098.00","1,098.00","1,098.00","","-0.27%"
"03-11-2023","1,101.00","1,101.00","1,101.00","1,101.00","","-0.63%"
"02-11-2023","1,108.00","1,108.00","1,108.00","1,108.00","","-0.98%"
"01-11-2023","1,119.00","1,119.00","1,119.00","1,119.00","","-1.41%"
"31-10-2023","1,135.00","1,135.00","1,135.00","1,135.00","","-2.07%"
"30-10-2023","1,159.00","1,159.00","1,159.00","1,159.00","","-2.11%"
"27-10-2023","1,184.00","1,184.00","1,184.00","1,184.00","","-3.50%"
"26-10-2023","1,227.00","1,227.00","1,227.00","1,227.00","","-1.60%"
"25-10-2023","1,247.00","1,247.00","1,247.00","1,247.00","","-1.50%"
"24-10-2023","1,266.00","1,266.00","1,266.00","1,266.00","","-1.02%"
"23-10-2023","1,279.00","1,279.00","1,279.00","1,279.00","","-0.62%"
"20-10-2023","1,287.00","1,287.00","1,287.00","1,287.00","","0.00%"
"19-10-2023","1,287.00","1,287.00","1,287.00","1,287.00","","0.16%"
"18-10-2023","1,285.00","1,285.00","1,285.00","1,285.00","","0.63%"
"17-10-2023","1,277.00","1,277.00","1,277.00","1,277.00","","0.63%"
"16-10-2023","1,269.00","1,269.00","1,269.00","1,269.00","","0.08%"
"13-10-2023","1,268.00","1,268.00","1,268.00","1,268.00","","0.16%"
"12-10-2023","1,266.00","1,266.00","1,266.00","1,266.00","","0.40%"
"11-10-2023","1,261.00","1,261.00","1,261.00","1,261.00","","0.88%"
"10-10-2023","1,250.00","1,250.00","1,250.00","1,250.00","","1.46%"
"09-10-2023","1,232.00","1,232.00","1,232.00","1,232.00","","-0.08%"
"06-10-2023","1,233.00","1,233.00","1,233.00","1,233.00","","-0.24%"
"05-10-2023","1,236.00","1,236.00","1,236.00","1,236.00","","-0.64%"
"04-10-2023","1,244.00","1,244.00","1,244.00","1,244.00","","-0.48%"
"03-10-2023","1,250.00","1,250.00","1,250.00","1,250.00","","-1.03%"
"02-10-2023","1,263.00","1,263.00","1,263.00","1,263.00","","-1.02%"
"29-09-2023","1,276.00","1,276.00","1,276.00","1,276.00","","-1.39%"
"28-09-2023","1,294.00","1,294.00","1,294.00","1,294.00","","-1.82%"
"27-09-2023","1,318.00","1,318.00","1,318.00","1,318.00","","-1.57%"
"26-09-2023","1,339.00","1,339.00","1,339.00","1,339.00","","-1.11%"
"25-09-2023","1,354.00","1,354.00","1,354.00","1,354.00","","-0.07%"
"22-09-2023","1,355.00","1,355.00","1,355.00","1,355.00","","0.37%"
"21-09-2023","1,350.00","1,350.00","1,350.00","1,350.00","","1.96%"
"20-09-2023","1,324.00","1,324.00","1,324.00","1,324.00","","2.95%"
"19-09-2023","1,286.00","1,286.00","1,286.00","1,286.00","","3.71%"
"18-09-2023","1,240.00","1,240.00","1,240.00","1,240.00","","1.56%"
"15-09-2023","1,221.00","1,221.00","1,221.00","1,221.00","","2.09%"
"14-09-2023","1,196.00","1,196.00","1,196.00","1,196.00","","3.46%"
"13-09-2023","1,156.00","1,156.00","1,156.00","1,156.00","","3.40%"
"12-09-2023","1,118.00","1,118.00","1,118.00","1,118.00","","1.73%"
"11-09-2023","1,099.00","1,099.00","1,099.00","1,099.00","","1.85%"
"08-09-2023","1,079.00","1,079.00","1,079.00","1,079.00","","2.18%"
"07-09-2023","1,056.00","1,056.00","1,056.00","1,056.00","","1.93%"
"06-09-2023","1,036.00","1,036.00","1,036.00","1,036.00","","2.78%"
"05-09-2023","1,008.00","1,008.00","1,008.00","1,008.00","","1.31%"
"04-09-2023","995.00","995.00","995.00","995.00","","1.53%"
"01-09-2023","980.00","980.00","980.00","980.00","","1.87%"
"31-08-2023","962.00","962.00","962.00","962.00","","2.12%"
"30-08-2023","942.00","942.00","942.00","942.00","","2.61%"
"29-08-2023","918.00","918.00","918.00","918.00","","1.10%"
"25-08-2023","908.00","908.00","908.00","908.00","","0.22%"
"24-08-2023","906.00","906.00","906.00","906.00","","-0.44%"
"23-08-2023","910.00","910.00","910.00","910.00","","0.11%"
"22-08-2023","909.00","909.00","909.00","909.00","","1.00%"
"21-08-2023","900.00","900.00","900.00","900.00","","2.39%"
"18-08-2023","879.00","879.00","879.00","879.00","","2.33%"
"17-08-2023","859.00","859.00","859.00","859.00","","5.79%"
"16-08-2023","812.00","812.00","812.00","812.00","","5.18%"
"15-08-2023","772.00","772.00","772.00","772.00","","3.62%"
"14-08-2023","745.00","745.00","745.00","745.00","","2.34%"
"11-08-2023","728.00","728.00","728.00","728.00","","3.12%"
"10-08-2023","706.00","706.00","706.00","706.00","","1.44%"
"09-08-2023","696.00","696.00","696.00","696.00","","1.02%"
"08-08-2023","689.00","689.00","689.00","689.00","","0.44%"
"07-08-2023","686.00","686.00","686.00","686.00","","-0.29%"
"04-08-2023","688.00","688.00","688.00","688.00","","-1.01%"
"03-08-2023","695.00","695.00","695.00","695.00","","-0.71%"
"02-08-2023","700.00","700.00","700.00","700.00","","-1.27%"
"01-08-2023","709.00","709.00","709.00","709.00","","-1.39%"
"31-07-2023","719.00","719.00","719.00","719.00","","-0.96%"
"28-07-2023","726.00","726.00","726.00","726.00","","-0.95%"
"27-07-2023","733.00","733.00","733.00","733.00","","-1.21%"
"26-07-2023","742.00","742.00","742.00","742.00","","-1.46%"
"25-07-2023","753.00","753.00","753.00","753.00","","-0.53%"
"24-07-2023","757.00","757.00","757.00","757.00","","-0.13%"
"21-07-2023","758.00","758.00","758.00","758.00","","0.13%"
"20-07-2023","757.00","757.00","757.00","757.00","","0.40%"
"19-07-2023","754.00","754.00","754.00","754.00","","1.07%"
"18-07-2023","746.00","746.00","746.00","746.00","","0.40%"
"17-07-2023","743.00","743.00","743.00","743.00","","0.00%"
"14-07-2023","743.00","743.00","743.00","743.00","","0.00%"
"13-07-2023","743.00","743.00","743.00","743.00","","1.23%"
"12-07-2023","734.00","734.00","734.00","734.00","","0.82%"
"11-07-2023","728.00","728.00","728.00","728.00","","0.55%"
"10-07-2023","724.00","724.00","724.00","724.00","","0.00%"
"07-07-2023","724.00","724.00","724.00","724.00","","-0.55%"
"06-07-2023","728.00","728.00","728.00","728.00","","-1.22%"
"05-07-2023","737.00","737.00","737.00","737.00","","-1.34%"
"04-07-2023","747.00","747.00","747.00","747.00","","0.00%"
"03-07-2023","747.00","747.00","747.00","747.00","","-0.27%"
"30-06-2023","749.00","749.00","749.00","749.00","","-0.13%"
"29-06-2023","750.00","750.00","750.00","750.00","","-0.27%"
"28-06-2023","752.00","752.00","752.00","752.00","","0.80%"
"27-06-2023","746.00","746.00","746.00","746.00","","0.67%"
"26-06-2023","741.00","741.00","741.00","741.00","","-0.27%"
"23-06-2023","743.00","743.00","743.00","743.00","","-1.07%"
"22-06-2023","751.00","751.00","751.00","751.00","","-1.31%"
"21-06-2023","761.00","761.00","761.00","761.00","","0.26%"
"20-06-2023","759.00","759.00","759.00","759.00","","1.07%"
"19-06-2023","751.00","751.00","751.00","751.00","","0.40%"
"16-06-2023","748.00","748.00","748.00","748.00","","1.08%"
"15-06-2023","740.00","740.00","740.00","740.00","","1.51%"
"14-06-2023","729.00","729.00","729.00","729.00","","0.97%"
"13-06-2023","722.00","722.00","722.00","722.00","","-0.55%"
"12-06-2023","726.00","726.00","726.00","726.00","","-1.36%"
"09-06-2023","736.00","736.00","736.00","736.00","","-1.47%"
"08-06-2023","747.00","747.00","747.00","747.00","","-2.48%"
"07-06-2023","766.00","766.00","766.00","766.00","","-1.92%"
"06-06-2023","781.00","781.00","781.00","781.00","","-2.74%"
"05-06-2023","803.00","803.00","803.00","803.00","","-1.95%"
"02-06-2023","819.00","819.00","819.00","819.00","","-3.31%"
"01-06-2023","847.00","847.00","847.00","847.00","","-3.86%"
"31-05-2023","881.00","881.00","881.00","881.00","","-3.19%"
"30-05-2023","910.00","910.00","910.00","910.00","","-3.81%"
"26-05-2023","946.00","946.00","946.00","946.00","","-3.47%"
"25-05-2023","980.00","980.00","980.00","980.00","","-3.35%"
"24-05-2023","1,014.00","1,014.00","1,014.00","1,014.00","","-2.78%"
"23-05-2023","1,043.00","1,043.00","1,043.00","1,043.00","","-1.88%"
"22-05-2023","1,063.00","1,063.00","1,063.00","1,063.00","","-1.30%"
"19-05-2023","1,077.00","1,077.00","1,077.00","1,077.00","","-0.74%"
"18-05-2023","1,085.00","1,085.00","1,085.00","1,085.00","","-0.46%"
"17-05-2023","1,090.00","1,090.00","1,090.00","1,090.00","","-0.09%"
"16-05-2023","1,091.00","1,091.00","1,091.00","1,091.00","","-0.64%"
"15-05-2023","1,098.00","1,098.00","1,098.00","1,098.00","","-0.63%"
"12-05-2023","1,105.00","1,105.00","1,105.00","1,105.00","","-0.63%"
"11-05-2023","1,112.00","1,112.00","1,112.00","1,112.00","","-0.18%"
"10-05-2023","1,114.00","1,114.00","1,114.00","1,114.00","","1.55%"
"09-05-2023","1,097.00","1,097.00","1,097.00","1,097.00","","0.09%"
"05-05-2023","1,096.00","1,096.00","1,096.00","1,096.00","","-0.81%"
"04-05-2023","1,105.00","1,105.00","1,105.00","1,105.00","","-1.60%"
"03-05-2023","1,123.00","1,123.00","1,123.00","1,123.00","","-1.84%"
"02-05-2023","1,144.00","1,144.00","1,144.00","1,144.00","","-1.80%"
"28-04-2023","1,165.00","1,165.00","1,165.00","1,165.00","","-1.69%"
"27-04-2023","1,185.00","1,185.00","1,185.00","1,185.00","","-1.50%"
"26-04-2023","1,203.00","1,203.00","1,203.00","1,203.00","","-1.07%"
"25-04-2023","1,216.00","1,216.00","1,216.00","1,216.00","","0.33%"
"24-04-2023","1,212.00","1,212.00","1,212.00","1,212.00","","0.92%"
"21-04-2023","1,201.00","1,201.00","1,201.00","1,201.00","","1.87%"
"20-04-2023","1,179.00","1,179.00","1,179.00","1,179.00","","2.43%"
"19-04-2023","1,151.00","1,151.00","1,151.00","1,151.00","","3.41%"
"18-04-2023","1,113.00","1,113.00","1,113.00","1,113.00","","1.37%"
"17-04-2023","1,098.00","1,098.00","1,098.00","1,098.00","","0.18%"
"14-04-2023","1,096.00","1,096.00","1,096.00","1,096.00","","-0.81%"
"13-04-2023","1,105.00","1,105.00","1,105.00","1,105.00","","-1.16%"
"12-04-2023","1,118.00","1,118.00","1,118.00","1,118.00","","-1.15%"
"11-04-2023","1,131.00","1,131.00","1,131.00","1,131.00","","-2.58%"
"06-04-2023","1,161.00","1,161.00","1,161.00","1,161.00","","-0.77%"
"05-04-2023","1,170.00","1,170.00","1,170.00","1,170.00","","-0.51%"
"04-04-2023","1,176.00","1,176.00","1,176.00","1,176.00","","-0.93%"
"03-04-2023","1,187.00","1,187.00","1,187.00","1,187.00","","-0.92%"
"31-03-2023","1,198.00","1,198.00","1,198.00","1,198.00","","-3.15%"
"30-03-2023","1,237.00","1,237.00","1,237.00","1,237.00","","-3.74%"
"29-03-2023","1,285.00","1,285.00","1,285.00","1,285.00","","-2.28%"
"28-03-2023","1,315.00","1,315.00","1,315.00","1,315.00","","-0.83%"
"27-03-2023","1,326.00","1,326.00","1,326.00","1,326.00","","-0.45%"
"24-03-2023","1,332.00","1,332.00","1,332.00","1,332.00","","-0.08%"
"23-03-2023","1,333.00","1,333.00","1,333.00","1,333.00","","-0.30%"
"22-03-2023","1,337.00","1,337.00","1,337.00","1,337.00","","0.15%"
"21-03-2023","1,335.00","1,335.00","1,335.00","1,335.00","","0.45%"
"20-03-2023","1,329.00","1,329.00","1,329.00","1,329.00","","0.83%"
"17-03-2023","1,318.00","1,318.00","1,318.00","1,318.00","","0.46%"
"16-03-2023","1,312.00","1,312.00","1,312.00","1,312.00","","1.23%"
"15-03-2023","1,296.00","1,296.00","1,296.00","1,296.00","","2.61%"
"14-03-2023","1,263.00","1,263.00","1,263.00","1,263.00","","2.27%"
"13-03-2023","1,235.00","1,235.00","1,235.00","1,235.00","","2.15%"
"10-03-2023","1,209.00","1,209.00","1,209.00","1,209.00","","2.46%"
"09-03-2023","1,180.00","1,180.00","1,180.00","1,180.00","","1.64%"
"08-03-2023","1,161.00","1,161.00","1,161.00","1,161.00","","0.00%"
"07-03-2023","1,161.00","1,161.00","1,161.00","1,161.00","","-1.61%"
"06-03-2023","1,180.00","1,180.00","1,180.00","1,180.00","","-0.76%"
"03-03-2023","1,189.00","1,189.00","1,189.00","1,189.00","","-0.25%"
"02-03-2023","1,192.00","1,192.00","1,192.00","1,192.00","","3.11%"
"01-03-2023","1,156.00","1,156.00","1,156.00","1,156.00","","4.62%"
"28-02-2023","1,105.00","1,105.00","1,105.00","1,105.00","","5.24%"
"27-02-2023","1,050.00","1,050.00","1,050.00","1,050.00","","5.42%"
"24-02-2023","996.00","996.00","996.00","996.00","","5.96%"
"23-02-2023","940.00","940.00","940.00","940.00","","7.80%"
"22-02-2023","872.00","872.00","872.00","872.00","","8.05%"
"21-02-2023","807.00","807.00","807.00","807.00","","11.00%"
"20-02-2023","727.00","727.00","727.00","727.00","","4.60%"
"17-02-2023","695.00","695.00","695.00","695.00","","5.30%"
"16-02-2023","660.00","660.00","660.00","660.00","","3.13%"
"15-02-2023","640.00","640.00","640.00","640.00","","2.07%"
"14-02-2023","627.00","627.00","627.00","627.00","","0.32%"
"13-02-2023","625.00","625.00","625.00","625.00","","-0.48%"
"10-02-2023","628.00","628.00","628.00","628.00","","-1.26%"
"09-02-2023","636.00","636.00","636.00","636.00","","-2.30%"
"08-02-2023","651.00","651.00","651.00","651.00","","-2.40%"
"07-02-2023","667.00","667.00","667.00","667.00","","-1.91%"
"06-02-2023","680.00","680.00","680.00","680.00","","-0.29%"
"03-02-2023","682.00","682.00","682.00","682.00","","-0.29%"
"02-02-2023","684.00","684.00","684.00","684.00","","0.59%"
"01-02-2023","680.00","680.00","680.00","680.00","","1.49%"
"31-01-2023","670.00","670.00","670.00","670.00","","1.82%"
"30-01-2023","658.00","658.00","658.00","658.00","","1.23%"
"27-01-2023","650.00","650.00","650.00","650.00","","0.78%"
"26-01-2023","645.00","645.00","645.00","645.00","","-0.46%"
"25-01-2023","648.00","648.00","648.00","648.00","","-0.15%"
"24-01-2023","649.00","649.00","649.00","649.00","","0.62%"
"23-01-2023","645.00","645.00","645.00","645.00","","-1.07%"
"20-01-2023","652.00","652.00","652.00","652.00","","-0.31%"
"19-01-2023","654.00","654.00","654.00","654.00","","-0.46%"
"18-01-2023","657.00","657.00","657.00","657.00","","-0.61%"
"17-01-2023","661.00","661.00","661.00","661.00","","-1.78%"
"16-01-2023","673.00","673.00","673.00","673.00","","-1.90%"
"13-01-2023","686.00","686.00","686.00","686.00","","-4.06%"
"12-01-2023","715.00","715.00","715.00","715.00","","-6.17%"
"11-01-2023","762.00","762.00","762.00","762.00","","-5.11%"
"10-01-2023","803.00","803.00","803.00","803.00","","-2.67%"
"09-01-2023","825.00","825.00","825.00","825.00","","-1.67%"
"06-01-2023","839.00","839.00","839.00","839.00","","-3.67%"
"05-01-2023","871.00","871.00","871.00","871.00","","-4.50%"
"04-01-2023","912.00","912.00","912.00","912.00","","-5.79%"
"03-01-2023","968.00","968.00","968.00","968.00","","-8.85%"
"23-12-2022","1,062.00","1,062.00","1,062.00","1,062.00","","-1.94%"
"22-12-2022","1,083.00","1,083.00","1,083.00","1,083.00","","-1.81%"
"21-12-2022","1,103.00","1,103.00","1,103.00","1,103.00","","-2.48%"
"20-12-2022","1,131.00","1,131.00","1,131.00","1,131.00","","-1.31%"
"19-12-2022","1,146.00","1,146.00","1,146.00","1,146.00","","-0.95%"
"16-12-2022","1,157.00","1,157.00","1,157.00","1,157.00","","-0.86%"
"15-12-2022","1,167.00","1,167.00","1,167.00","1,167.00","","-0.26%"
"14-12-2022","1,170.00","1,170.00","1,170.00","1,170.00","","0.26%"
"13-12-2022","1,167.00","1,167.00","1,167.00","1,167.00","","1.21%"
"12-12-2022","1,153.00","1,153.00","1,153.00","1,153.00","","0.09%"
"09-12-2022","1,152.00","0.00","0.00","0.00","","-0.09%"
"08-12-2022","1,153.00","1,153.00","1,153.00","1,153.00","","-0.43%"
"07-12-2022","1,158.00","1,158.00","1,158.00","1,158.00","","0.00%"
"06-12-2022","1,158.00","1,158.00","1,158.00","1,158.00","","0.00%"
"05-12-2022","1,158.00","1,158.00","1,158.00","1,158.00","","-0.34%"
"02-12-2022","1,162.00","1,162.00","1,162.00","1,162.00","","-0.26%"
"01-12-2022","1,165.00","1,165.00","1,165.00","1,165.00","","-0.60%"
"30-11-2022","1,172.00","1,172.00","1,172.00","1,172.00","","-0.42%"
"29-11-2022","1,177.00","1,177.00","1,177.00","1,177.00","","-0.25%"
"28-11-2022","1,180.00","1,180.00","1,180.00","1,180.00","","-0.17%"
"25-11-2022","1,182.00","1,182.00","1,182.00","1,182.00","","0.68%"
"24-11-2022","1,174.00","1,174.00","1,174.00","1,174.00","","0.95%"
"23-11-2022","1,163.00","1,163.00","1,163.00","1,163.00","","0.26%"
"22-11-2022","1,160.00","1,160.00","1,160.00","1,160.00","","-0.34%"
"21-11-2022","1,164.00","1,164.00","1,164.00","1,164.00","","-0.51%"
"18-11-2022","1,170.00","1,170.00","1,170.00","1,170.00","","-0.43%"
"17-11-2022","1,175.00","1,175.00","1,175.00","1,175.00","","-0.42%"
"16-11-2022","1,180.00","1,180.00","1,180.00","1,180.00","","-0.51%"
"15-11-2022","1,186.00","1,186.00","1,186.00","1,186.00","","-0.92%"
"14-11-2022","1,197.00","1,197.00","1,197.00","1,197.00","","-1.32%"
"11-11-2022","1,213.00","1,213.00","1,213.00","1,213.00","","-1.14%"
"10-11-2022","1,227.00","1,227.00","1,227.00","1,227.00","","-0.41%"
"09-11-2022","1,232.00","1,232.00","1,232.00","1,232.00","","-0.73%"
"08-11-2022","1,241.00","1,241.00","1,241.00","1,241.00","","-0.80%"
"07-11-2022","1,251.00","1,251.00","1,251.00","1,251.00","","-1.34%"
"04-11-2022","1,268.00","1,268.00","1,268.00","1,268.00","","-1.48%"
"03-11-2022","1,287.00","1,287.00","1,287.00","1,287.00","","-3.38%"
"02-11-2022","1,332.00","1,332.00","1,332.00","1,332.00","","-4.10%"
"01-11-2022","1,389.00","1,389.00","1,389.00","1,389.00","","-3.34%"
"31-10-2022","1,437.00","1,437.00","1,437.00","1,437.00","","-3.10%"
"28-10-2022","1,483.00","1,483.00","1,483.00","1,483.00","","-5.66%"
"27-10-2022","1,572.00","1,572.00","1,572.00","1,572.00","","-3.68%"
"26-10-2022","1,632.00","1,632.00","1,632.00","1,632.00","","-1.57%"
"25-10-2022","1,658.00","1,658.00","1,658.00","1,658.00","","-0.72%"
"24-10-2022","1,670.00","1,670.00","1,670.00","1,670.00","","-0.48%"
"21-10-2022","1,678.00","1,678.00","1,678.00","1,678.00","","0.12%"
"20-10-2022","1,676.00","1,676.00","1,676.00","1,676.00","","-0.12%"
"19-10-2022","1,678.00","1,678.00","1,678.00","1,678.00","","0.00%"
"18-10-2022","1,678.00","1,678.00","1,678.00","1,678.00","","0.00%"
"17-10-2022","1,678.00","1,678.00","1,678.00","1,678.00","","-0.71%"
"14-10-2022","1,690.00","1,690.00","1,690.00","1,690.00","","-0.35%"
"13-10-2022","1,696.00","1,696.00","1,696.00","1,696.00","","-0.70%"
"12-10-2022","1,708.00","1,708.00","1,708.00","1,708.00","","-0.35%"
"11-10-2022","1,714.00","1,714.00","1,714.00","1,714.00","","0.00%"
"10-10-2022","1,714.00","1,714.00","1,714.00","1,714.00","","0.47%"
"07-10-2022","1,706.00","1,706.00","1,706.00","1,706.00","","0.95%"
"06-10-2022","1,690.00","1,690.00","1,690.00","1,690.00","","0.84%"
"05-10-2022","1,676.00","1,676.00","1,676.00","1,676.00","","0.48%"
"04-10-2022","1,668.00","1,668.00","1,668.00","1,668.00","","0.30%"
"03-10-2022","1,663.00","1,663.00","1,663.00","1,663.00","","0.00%"
"30-09-2022","1,663.00","1,663.00","1,663.00","1,663.00","","-0.66%"
"29-09-2022","1,674.00","1,674.00","1,674.00","1,674.00","","-0.36%"
"28-09-2022","1,680.00","1,680.00","1,680.00","1,680.00","","0.54%"
"27-09-2022","1,671.00","1,671.00","1,671.00","1,671.00","","0.84%"
"26-09-2022","1,657.00","1,657.00","1,657.00","1,657.00","","0.30%"
"23-09-2022","1,652.00","1,652.00","1,652.00","1,652.00","","0.92%"
"22-09-2022","1,637.00","1,637.00","1,637.00","1,637.00","","1.99%"
"21-09-2022","1,605.00","1,605.00","1,605.00","1,605.00","","1.58%"
"20-09-2022","1,580.00","1,580.00","1,580.00","1,580.00","","1.87%"
"16-09-2022","1,551.00","1,551.00","1,551.00","1,551.00","","1.44%"
"15-09-2022","1,529.00","1,529.00","1,529.00","1,529.00","","1.59%"
"14-09-2022","1,505.00","1,505.00","1,505.00","1,505.00","","1.42%"
"13-09-2022","1,484.00","1,484.00","1,484.00","1,484.00","","0.75%"
"12-09-2022","1,473.00","1,473.00","1,473.00","1,473.00","","-0.14%"
"09-09-2022","1,475.00","1,475.00","1,475.00","1,475.00","","-0.14%"
"08-09-2022","1,477.00","1,477.00","1,477.00","1,477.00","","-0.34%"
"07-09-2022","1,482.00","1,482.00","1,482.00","1,482.00","","-0.34%"
"06-09-2022","1,487.00","1,487.00","1,487.00","1,487.00","","-0.73%"
"05-09-2022","1,498.00","1,498.00","1,498.00","1,498.00","","-1.06%"
"02-09-2022","1,514.00","1,514.00","1,514.00","1,514.00","","-2.89%"
"01-09-2022","1,559.00","1,559.00","1,559.00","1,559.00","","-4.12%"
"31-08-2022","1,626.00","1,626.00","1,626.00","1,626.00","","-3.84%"
"30-08-2022","1,691.00","1,691.00","1,691.00","1,691.00","","-3.04%"
"26-08-2022","1,744.00","1,744.00","1,744.00","1,744.00","","-1.08%"
"25-08-2022","1,763.00","1,763.00","1,763.00","1,763.00","","-0.56%"
"24-08-2022","1,773.00","1,773.00","1,773.00","1,773.00","","0.45%"
"23-08-2022","1,765.00","1,765.00","1,765.00","1,765.00","","0.80%"
"22-08-2022","1,751.00","1,751.00","1,751.00","1,751.00","","0.92%"
"19-08-2022","1,735.00","0.00","0.00","0.00","","2.18%"
"18-08-2022","1,698.00","1,698.00","1,698.00","1,698.00","","2.35%"
"17-08-2022","1,659.00","1,659.00","1,659.00","1,659.00","","2.03%"
"16-08-2022","1,626.00","1,626.00","1,626.00","1,626.00","","1.18%"
"15-08-2022","1,607.00","1,607.00","1,607.00","1,607.00","","0.88%"
"12-08-2022","1,593.00","1,593.00","1,593.00","1,593.00","","0.13%"
"11-08-2022","1,591.00","1,591.00","1,591.00","1,591.00","","-1.43%"
"10-08-2022","1,614.00","1,614.00","1,614.00","1,614.00","","-1.34%"
"09-08-2022","1,636.00","1,636.00","1,636.00","1,636.00","","-2.09%"
"08-08-2022","1,671.00","1,671.00","1,671.00","1,671.00","","-1.71%"
"05-08-2022","1,700.00","1,700.00","1,700.00","1,700.00","","-2.69%"
"04-08-2022","1,747.00","1,747.00","1,747.00","1,747.00","","-3.21%"
"03-08-2022","1,805.00","1,805.00","1,805.00","1,805.00","","-3.27%"
"02-08-2022","1,866.00","1,866.00","1,866.00","1,866.00","","-3.22%"
"01-08-2022","1,928.00","1,928.00","1,928.00","1,928.00","","-2.18%"
"29-07-2022","1,971.00","1,971.00","1,971.00","1,971.00","","-1.60%"
"28-07-2022","2,003.00","2,003.00","2,003.00","2,003.00","","-1.72%"
"27-07-2022","2,038.00","2,038.00","2,038.00","2,038.00","","-1.59%"
"26-07-2022","2,071.00","2,071.00","2,071.00","2,071.00","","-0.38%"
"25-07-2022","2,079.00","2,079.00","2,079.00","2,079.00","","-0.05%"
"22-07-2022","2,080.00","2,080.00","2,080.00","2,080.00","","0.34%"
"21-07-2022","2,073.00","2,073.00","2,073.00","2,073.00","","0.78%"
"20-07-2022","2,057.00","2,057.00","2,057.00","2,057.00","","0.88%"
"19-07-2022","2,039.00","2,039.00","2,039.00","2,039.00","","0.10%"
"18-07-2022","2,037.00","2,037.00","2,037.00","2,037.00","","-0.10%"
"15-07-2022","2,039.00","2,039.00","2,039.00","2,039.00","","-0.54%"
"14-07-2022","2,050.00","2,050.00","2,050.00","2,050.00","","-1.30%"
"13-07-2022","2,077.00","2,077.00","2,077.00","2,077.00","","-2.17%"
"12-07-2022","2,123.00","2,123.00","2,123.00","2,123.00","","-1.35%"
"11-07-2022","2,152.00","2,152.00","2,152.00","2,152.00","","-0.51%"
"08-07-2022","2,163.00","2,163.00","2,163.00","2,163.00","","-1.82%"
"07-07-2022","2,203.00","2,203.00","2,203.00","2,203.00","","-1.96%"
"06-07-2022","2,247.00","2,247.00","2,247.00","2,247.00","","-0.79%"
"05-07-2022","2,265.00","2,265.00","2,265.00","2,265.00","","-0.74%"
"04-07-2022","2,282.00","2,282.00","2,282.00","2,282.00","","-0.35%"
"01-07-2022","2,290.00","2,290.00","2,290.00","2,290.00","","-0.69%"
"30-06-2022","2,306.00","2,306.00","2,306.00","2,306.00","","-2.25%"
"29-06-2022","2,359.00","2,359.00","2,359.00","2,359.00","","-2.36%"
"28-06-2022","2,416.00","2,416.00","2,416.00","2,416.00","","-0.94%"
"27-06-2022","2,439.00","2,439.00","2,439.00","2,439.00","","-0.41%"
"24-06-2022","2,449.00","2,449.00","2,449.00","2,449.00","","-0.69%"
"23-06-2022","2,466.00","2,466.00","2,466.00","2,466.00","","-0.36%"
"22-06-2022","2,475.00","2,475.00","2,475.00","2,475.00","","0.16%"
"21-06-2022","2,471.00","2,471.00","2,471.00","2,471.00","","0.04%"
"20-06-2022","2,470.00","2,470.00","2,470.00","2,470.00","","0.12%"
"17-06-2022","2,467.00","2,467.00","2,467.00","2,467.00","","0.28%"
"16-06-2022","2,460.00","2,460.00","2,460.00","2,460.00","","0.24%"
"15-06-2022","2,454.00","2,454.00","2,454.00","2,454.00","","0.12%"
"14-06-2022","2,451.00","2,451.00","2,451.00","2,451.00","","-0.49%"
"13-06-2022","2,463.00","2,463.00","2,463.00","2,463.00","","-1.28%"
"10-06-2022","2,495.00","2,495.00","2,495.00","2,495.00","","-1.27%"
"09-06-2022","2,527.00","2,527.00","2,527.00","2,527.00","","-2.24%"
"08-06-2022","2,585.00","2,585.00","2,585.00","2,585.00","","-1.79%"
"07-06-2022","2,632.00","2,632.00","2,632.00","2,632.00","","-1.05%"
"06-06-2022","2,660.00","2,660.00","2,660.00","2,660.00","","-1.59%"
"01-06-2022","2,703.00","2,703.00","2,703.00","2,703.00","","-1.46%"
"31-05-2022","2,743.00","2,743.00","2,743.00","2,743.00","","-1.12%"
"30-05-2022","2,774.00","2,774.00","2,774.00","2,774.00","","-0.79%"
"27-05-2022","2,796.00","2,796.00","2,796.00","2,796.00","","-0.96%"
"26-05-2022","2,823.00","2,823.00","2,823.00","2,823.00","","-0.35%"
"25-05-2022","2,833.00","2,833.00","2,833.00","2,833.00","","0.18%"
"24-05-2022","2,828.00","2,828.00","2,828.00","2,828.00","","0.35%"
"23-05-2022","2,818.00","2,818.00","2,818.00","2,818.00","","0.07%"
"20-05-2022","2,816.00","2,816.00","2,816.00","2,816.00","","0.57%"
"19-05-2022","2,800.00","2,800.00","2,800.00","2,800.00","","1.52%"
"18-05-2022","2,758.00","2,758.00","2,758.00","2,758.00","","0.47%"
"17-05-2022","2,745.00","2,745.00","2,745.00","2,745.00","","-0.11%"
"16-05-2022","2,748.00","2,748.00","2,748.00","2,748.00","","-0.15%"
"13-05-2022","2,752.00","2,752.00","2,752.00","2,752.00","","0.07%"
"12-05-2022","2,750.00","2,750.00","2,750.00","2,750.00","","-0.33%"
"11-05-2022","2,759.00","2,759.00","2,759.00","2,759.00","","0.47%"
"10-05-2022","2,746.00","2,746.00","2,746.00","2,746.00","","0.51%"
"09-05-2022","2,732.00","2,732.00","2,732.00","2,732.00","","0.11%"
"06-05-2022","2,729.00","2,729.00","2,729.00","2,729.00","","-0.11%"
"05-05-2022","2,732.00","2,732.00","2,732.00","2,732.00","","0.00%"
"04-05-2022","2,732.00","2,732.00","2,732.00","2,732.00","","-0.04%"
"03-05-2022","2,733.00","2,733.00","2,733.00","2,733.00","","-0.04%"
"29-04-2022","2,734.00","2,734.00","2,734.00","2,734.00","","-0.07%"
"28-04-2022","2,736.00","2,736.00","2,736.00","2,736.00","","0.00%"
"27-04-2022","2,736.00","2,736.00","2,736.00","2,736.00","","0.81%"
"26-04-2022","2,714.00","2,714.00","2,714.00","2,714.00","","0.56%"
"25-04-2022","2,699.00","2,699.00","2,699.00","2,699.00","","0.78%"
"22-04-2022","2,678.00","2,678.00","2,678.00","2,678.00","","1.21%"
"21-04-2022","2,646.00","2,646.00","2,646.00","2,646.00","","1.93%"
"20-04-2022","2,596.00","2,596.00","2,596.00","2,596.00","","2.16%"
"19-04-2022","2,541.00","2,541.00","2,541.00","2,541.00","","1.76%"
"14-04-2022","2,497.00","2,497.00","2,497.00","2,497.00","","1.46%"
"13-04-2022","2,461.00","2,461.00","2,461.00","2,461.00","","0.53%"
"12-04-2022","2,448.00","2,448.00","2,448.00","2,448.00","","-1.01%"
"11-04-2022","2,473.00","2,473.00","2,473.00","2,473.00","","-1.16%"
"08-04-2022","2,502.00","2,502.00","2,502.00","2,502.00","","-1.77%"
"07-04-2022","2,547.00","2,547.00","2,547.00","2,547.00","","-2.23%"
"06-04-2022","2,605.00","2,605.00","2,605.00","2,605.00","","-2.07%"
"05-04-2022","2,660.00","2,660.00","2,660.00","2,660.00","","-2.10%"
"04-04-2022","2,717.00","2,717.00","2,717.00","2,717.00","","-1.38%"
"01-04-2022","2,755.00","2,755.00","2,755.00","2,755.00","","-1.89%"
"31-03-2022","2,808.00","2,808.00","2,808.00","2,808.00","","-2.33%"
"30-03-2022","2,875.00","2,875.00","2,875.00","2,875.00","","-2.41%"
"29-03-2022","2,946.00","2,946.00","2,946.00","2,946.00","","-1.50%"
"28-03-2022","2,991.00","2,991.00","2,991.00","2,991.00","","-0.96%"
"25-03-2022","3,020.00","3,020.00","3,020.00","3,020.00","","-0.43%"
"24-03-2022","3,033.00","3,033.00","3,033.00","3,033.00","","0.56%"
"23-03-2022","3,016.00","3,016.00","3,016.00","3,016.00","","1.11%"
"22-03-2022","2,983.00","2,983.00","2,983.00","2,983.00","","1.15%"
"21-03-2022","2,949.00","2,949.00","2,949.00","2,949.00","","0.92%"
"18-03-2022","2,922.00","2,922.00","2,922.00","2,922.00","","1.04%"
"17-03-2022","2,892.00","2,892.00","2,892.00","2,892.00","","0.56%"
"16-03-2022","2,876.00","2,876.00","2,876.00","2,876.00","","-0.86%"
"15-03-2022","2,901.00","2,901.00","2,901.00","2,901.00","","-1.12%"
"14-03-2022","2,934.00","2,934.00","2,934.00","2,934.00","","-0.17%"
"11-03-2022","2,939.00","2,939.00","2,939.00","2,939.00","","0.55%"
"10-03-2022","2,923.00","2,923.00","2,923.00","2,923.00","","2.74%"
"09-03-2022","2,845.00","2,845.00","2,845.00","2,845.00","","4.10%"
"08-03-2022","2,733.00","2,733.00","2,733.00","2,733.00","","3.52%"
"07-03-2022","2,640.00","2,640.00","2,640.00","2,640.00","","2.09%"
"04-03-2022","2,586.00","2,586.00","2,586.00","2,586.00","","2.62%"
"03-03-2022","2,520.00","2,520.00","2,520.00","2,520.00","","1.98%"
"02-03-2022","2,471.00","2,471.00","2,471.00","2,471.00","","1.15%"
"01-03-2022","2,443.00","2,443.00","2,443.00","2,443.00","","0.62%"
"28-02-2022","2,428.00","2,428.00","2,428.00","2,428.00","","0.46%"
"25-02-2022","2,417.00","2,417.00","2,417.00","2,417.00","","0.08%"
"24-02-2022","2,415.00","2,415.00","2,415.00","2,415.00","","1.13%"
"23-02-2022","2,388.00","2,388.00","2,388.00","2,388.00","","1.23%"
"22-02-2022","2,359.00","2,359.00","2,359.00","2,359.00","","0.73%"
"21-02-2022","2,342.00","2,342.00","2,342.00","2,342.00","","0.73%"
"18-02-2022","2,325.00","2,325.00","2,325.00","2,325.00","","-0.04%"
"17-02-2022","2,326.00","2,326.00","2,326.00","2,326.00","","0.26%"
"16-02-2022","2,320.00","2,320.00","2,320.00","2,320.00","","1.89%"
"15-02-2022","2,277.00","2,277.00","2,277.00","2,277.00","","2.20%"
"14-02-2022","2,228.00","2,228.00","2,228.00","2,228.00","","3.24%"
"11-02-2022","2,158.00","2,158.00","2,158.00","2,158.00","","4.91%"
"10-02-2022","2,057.00","2,057.00","2,057.00","2,057.00","","7.64%"
"09-02-2022","1,911.00","1,911.00","1,911.00","1,911.00","","10.21%"
"08-02-2022","1,734.00","1,734.00","1,734.00","1,734.00","","5.86%"
"07-02-2022","1,638.00","1,638.00","1,638.00","1,638.00","","2.76%"
"04-02-2022","1,594.00","1,594.00","1,594.00","1,594.00","","1.46%"
"03-02-2022","1,571.00","1,571.00","1,571.00","1,571.00","","0.06%"
"02-02-2022","1,570.00","1,570.00","1,570.00","1,570.00","","-0.51%"
"01-02-2022","1,578.00","1,578.00","1,578.00","1,578.00","","-0.57%"
"31-01-2022","1,587.00","1,587.00","1,587.00","1,587.00","","-0.63%"
"28-01-2022","1,597.00","1,597.00","1,597.00","1,597.00","","-0.99%"
"27-01-2022","1,613.00","1,613.00","1,613.00","1,613.00","","-2.48%"
"26-01-2022","1,654.00","1,654.00","1,654.00","1,654.00","","-2.30%"
"25-01-2022","1,693.00","1,693.00","1,693.00","1,693.00","","-2.03%"
"24-01-2022","1,728.00","1,728.00","1,728.00","1,728.00","","-1.20%"
"21-01-2022","1,749.00","1,749.00","1,749.00","1,749.00","","-1.35%"
"20-01-2022","1,773.00","1,773.00","1,773.00","1,773.00","","-2.15%"
"19-01-2022","1,812.00","1,812.00","1,812.00","1,812.00","","-1.52%"
"18-01-2022","1,840.00","1,840.00","1,840.00","1,840.00","","-1.29%"
"17-01-2022","1,864.00","1,864.00","1,864.00","1,864.00","","-1.74%"
"14-01-2022","1,897.00","1,897.00","1,897.00","1,897.00","","-0.94%"
"13-01-2022","1,915.00","1,915.00","1,915.00","1,915.00","","-1.08%"
"12-01-2022","1,936.00","1,936.00","1,936.00","1,936.00","","-1.12%"
"11-01-2022","1,958.00","1,958.00","1,958.00","1,958.00","","-2.15%"
"10-01-2022","2,001.00","2,001.00","2,001.00","2,001.00","","-3.52%"
"07-01-2022","2,074.00","2,074.00","2,074.00","2,074.00","","-2.35%"
"06-01-2022","2,124.00","2,124.00","2,124.00","2,124.00","","-1.89%"
"05-01-2022","2,165.00","2,165.00","2,165.00","2,165.00","","-1.99%"
"04-01-2022","2,209.00","2,209.00","2,209.00","2,209.00","","-3.54%"
"24-12-2021","2,290.00","2,290.00","2,290.00","2,290.00","","-0.56%"
"23-12-2021","2,303.00","2,303.00","2,303.00","2,303.00","","-1.45%"
"22-12-2021","2,337.00","2,337.00","2,337.00","2,337.00","","-1.93%"
"21-12-2021","2,383.00","2,383.00","2,383.00","2,383.00","","-2.18%"
"20-12-2021","2,436.00","2,436.00","2,436.00","2,436.00","","-1.34%"
"17-12-2021","2,469.00","2,469.00","2,469.00","2,469.00","","-1.79%"
"16-12-2021","2,514.00","2,514.00","2,514.00","2,514.00","","-1.10%"
"15-12-2021","2,542.00","2,542.00","2,542.00","2,542.00","","-0.31%"
"14-12-2021","2,550.00","2,550.00","2,550.00","2,550.00","","-0.08%"
"13-12-2021","2,552.00","2,552.00","2,552.00","2,552.00","","0.04%"
"10-12-2021","2,551.00","2,551.00","2,551.00","2,551.00","","0.39%"
"09-12-2021","2,541.00","2,541.00","2,541.00","2,541.00","","0.83%"
"08-12-2021","2,520.00","2,520.00","2,520.00","2,520.00","","1.29%"
"07-12-2021","2,488.00","2,488.00","2,488.00","2,488.00","","1.47%"
"06-12-2021","2,452.00","2,452.00","2,452.00","2,452.00","","0.86%"
"03-12-2021","2,431.00","2,431.00","2,431.00","2,431.00","","1.21%"
"02-12-2021","2,402.00","2,402.00","2,402.00","2,402.00","","1.18%"
"01-12-2021","2,374.00","2,374.00","2,374.00","2,374.00","","1.45%"
"30-11-2021","2,340.00","2,340.00","2,340.00","2,340.00","","0.56%"
"29-11-2021","2,327.00","2,327.00","2,327.00","2,327.00","","0.47%"
"26-11-2021","2,316.00","2,316.00","2,316.00","2,316.00","","1.40%"
"25-11-2021","2,284.00","2,284.00","2,284.00","2,284.00","","1.29%"
"24-11-2021","2,255.00","2,255.00","2,255.00","2,255.00","","0.53%"
"23-11-2021","2,243.00","2,243.00","2,243.00","2,243.00","","0.36%"
"22-11-2021","2,235.00","2,235.00","2,235.00","2,235.00","","-0.09%"
"19-11-2021","2,237.00","2,237.00","2,237.00","2,237.00","","-0.49%"
"18-11-2021","2,248.00","2,248.00","2,248.00","2,248.00","","-0.53%"
"17-11-2021","2,260.00","2,260.00","2,260.00","2,260.00","","-0.13%"
"16-11-2021","2,263.00","2,263.00","2,263.00","2,263.00","","0.18%"
"15-11-2021","2,259.00","2,259.00","2,259.00","2,259.00","","0.27%"
"12-11-2021","2,253.00","2,253.00","2,253.00","2,253.00","","0.09%"
"11-11-2021","2,251.00","2,251.00","2,251.00","2,251.00","","-0.35%"
"10-11-2021","2,259.00","2,259.00","2,259.00","2,259.00","","-1.09%"
"09-11-2021","2,284.00","2,284.00","2,284.00","2,284.00","","-2.14%"
"08-11-2021","2,334.00","2,334.00","2,334.00","2,334.00","","-3.39%"
"05-11-2021","2,416.00","2,416.00","2,416.00","2,416.00","","-5.74%"
"04-11-2021","2,563.00","2,563.00","2,563.00","2,563.00","","-6.05%"
"03-11-2021","2,728.00","2,728.00","2,728.00","2,728.00","","-6.54%"
"02-11-2021","2,919.00","2,919.00","2,919.00","2,919.00","","-4.04%"
"01-11-2021","3,042.00","3,042.00","3,042.00","3,042.00","","-2.00%"
"29-10-2021","3,104.00","3,104.00","3,104.00","3,104.00","","-2.70%"
"28-10-2021","3,190.00","3,190.00","3,190.00","3,190.00","","-4.61%"
"27-10-2021","3,344.00","3,344.00","3,344.00","3,344.00","","-4.38%"
"26-10-2021","3,497.00","3,497.00","3,497.00","3,497.00","","-1.41%"
"25-10-2021","3,547.00","3,547.00","3,547.00","3,547.00","","-1.03%"
"22-10-2021","3,584.00","3,584.00","3,584.00","3,584.00","","-1.10%"
"21-10-2021","3,624.00","3,624.00","3,624.00","3,624.00","","0.17%"
"20-10-2021","3,618.00","3,618.00","3,618.00","3,618.00","","0.22%"
"19-10-2021","3,610.00","3,610.00","3,610.00","3,610.00","","0.42%"
"18-10-2021","3,595.00","3,595.00","3,595.00","3,595.00","","0.53%"
"15-10-2021","3,576.00","3,576.00","3,576.00","3,576.00","","0.96%"
"14-10-2021","3,542.00","3,542.00","3,542.00","3,542.00","","1.14%"
"13-10-2021","3,502.00","3,502.00","3,502.00","3,502.00","","1.18%"
"12-10-2021","3,461.00","3,461.00","3,461.00","3,461.00","","0.87%"
"11-10-2021","3,431.00","3,431.00","3,431.00","3,431.00","","0.41%"
"08-10-2021","3,417.00","3,417.00","3,417.00","3,417.00","","0.38%"
"07-10-2021","3,404.00","3,404.00","3,404.00","3,404.00","","0.47%"
"06-10-2021","3,388.00","3,388.00","3,388.00","3,388.00","","0.18%"
"05-10-2021","3,382.00","3,382.00","3,382.00","3,382.00","","0.03%"
"04-10-2021","3,381.00","3,381.00","3,381.00","3,381.00","","-0.06%"
"01-10-2021","3,383.00","3,383.00","3,383.00","3,383.00","","0.03%"
"30-09-2021","3,382.00","3,382.00","3,382.00","3,382.00","","0.09%"
"29-09-2021","3,379.00","3,379.00","3,379.00","3,379.00","","0.18%"
"28-09-2021","3,373.00","3,373.00","3,373.00","3,373.00","","0.30%"
"27-09-2021","3,363.00","3,363.00","3,363.00","3,363.00","","0.12%"
"24-09-2021","3,359.00","3,359.00","3,359.00","3,359.00","","0.30%"
"23-09-2021","3,349.00","3,349.00","3,349.00","3,349.00","","0.33%"
"22-09-2021","3,338.00","3,338.00","3,338.00","3,338.00","","0.33%"
"21-09-2021","3,327.00","3,327.00","3,327.00","3,327.00","","0.24%"
"20-09-2021","3,319.00","3,319.00","3,319.00","3,319.00","","0.36%"
"17-09-2021","3,307.00","3,307.00","3,307.00","3,307.00","","0.73%"
"16-09-2021","3,283.00","3,283.00","3,283.00","3,283.00","","1.11%"
"15-09-2021","3,247.00","3,247.00","3,247.00","3,247.00","","1.15%"
"14-09-2021","3,210.00","3,210.00","3,210.00","3,210.00","","0.94%"
"13-09-2021","3,180.00","3,180.00","3,180.00","3,180.00","","0.32%"
"10-09-2021","3,170.00","3,170.00","3,170.00","3,170.00","","-0.28%"
"09-09-2021","3,179.00","3,179.00","3,179.00","3,179.00","","-1.00%"
"08-09-2021","3,211.00","3,211.00","3,211.00","3,211.00","","-1.38%"
"07-09-2021","3,256.00","3,256.00","3,256.00","3,256.00","","-1.12%"
"06-09-2021","3,293.00","3,293.00","3,293.00","3,293.00","","-1.64%"
"03-09-2021","3,348.00","3,348.00","3,348.00","3,348.00","","-1.33%"
"02-09-2021","3,393.00","3,393.00","3,393.00","3,393.00","","-1.19%"
"01-09-2021","3,434.00","3,434.00","3,434.00","3,434.00","","-1.24%"
"31-08-2021","3,477.00","3,477.00","3,477.00","3,477.00","","0.20%"
"27-08-2021","3,470.00","3,470.00","3,470.00","3,470.00","","0.96%"
"26-08-2021","3,437.00","3,437.00","3,437.00","3,437.00","","1.51%"
"25-08-2021","3,386.00","3,386.00","3,386.00","3,386.00","","1.29%"
"24-08-2021","3,343.00","3,343.00","3,343.00","3,343.00","","1.21%"
"23-08-2021","3,303.00","3,303.00","3,303.00","3,303.00","","0.82%"
"20-08-2021","3,276.00","3,276.00","3,276.00","3,276.00","","1.20%"
"19-08-2021","3,237.00","3,237.00","3,237.00","3,237.00","","1.51%"
"18-08-2021","3,189.00","3,189.00","3,189.00","3,189.00","","1.37%"
"17-08-2021","3,146.00","3,146.00","3,146.00","3,146.00","","0.87%"
"16-08-2021","3,119.00","3,119.00","3,119.00","3,119.00","","0.68%"
"13-08-2021","3,098.00","3,098.00","3,098.00","3,098.00","","0.62%"
"12-08-2021","3,079.00","3,079.00","3,079.00","3,079.00","","0.98%"
"11-08-2021","3,049.00","3,049.00","3,049.00","3,049.00","","0.56%"
"10-08-2021","3,032.00","3,032.00","3,032.00","3,032.00","","0.33%"
"09-08-2021","3,022.00","3,022.00","3,022.00","3,022.00","","0.40%"
"06-08-2021","3,010.00","3,010.00","3,010.00","3,010.00","","0.47%"
"05-08-2021","2,996.00","2,996.00","2,996.00","2,996.00","","0.44%"
"04-08-2021","2,983.00","2,983.00","2,983.00","2,983.00","","0.47%"
"03-08-2021","2,969.00","2,969.00","2,969.00","2,969.00","","0.34%"
"02-08-2021","2,959.00","2,959.00","2,959.00","2,959.00","","0.48%"
"30-07-2021","2,945.00","2,945.00","2,945.00","2,945.00","","0.58%"
"29-07-2021","2,928.00","2,928.00","2,928.00","2,928.00","","0.58%"
"28-07-2021","2,911.00","2,911.00","2,911.00","2,911.00","","0.62%"
"27-07-2021","2,893.00","2,893.00","2,893.00","2,893.00","","0.35%"
"26-07-2021","2,883.00","2,883.00","2,883.00","2,883.00","","0.42%"
"23-07-2021","2,871.00","2,871.00","2,871.00","2,871.00","","1.02%"
"22-07-2021","2,842.00","2,842.00","2,842.00","2,842.00","","1.25%"
"21-07-2021","2,807.00","2,807.00","2,807.00","2,807.00","","0.86%"
"20-07-2021","2,783.00","2,783.00","2,783.00","2,783.00","","0.32%"
"19-07-2021","2,774.00","2,774.00","2,774.00","2,774.00","","-0.04%"
"16-07-2021","2,775.00","2,775.00","2,775.00","2,775.00","","-0.86%"
"15-07-2021","2,799.00","2,799.00","2,799.00","2,799.00","","-1.20%"
"14-07-2021","2,833.00","2,833.00","2,833.00","2,833.00","","-1.12%"
"13-07-2021","2,865.00","2,865.00","2,865.00","2,865.00","","-0.59%"
"12-07-2021","2,882.00","2,882.00","2,882.00","2,882.00","","-0.31%"
"09-07-2021","2,891.00","2,891.00","2,891.00","2,891.00","","-0.21%"
"08-07-2021","2,897.00","2,897.00","2,897.00","2,897.00","","-0.41%"
"07-07-2021","2,909.00","2,909.00","2,909.00","2,909.00","","-0.38%"
"06-07-2021","2,920.00","2,920.00","2,920.00","2,920.00","","-0.51%"
"05-07-2021","2,935.00","2,935.00","2,935.00","2,935.00","","0.00%"
"02-07-2021","2,935.00","2,935.00","2,935.00","2,935.00","","-0.14%"
"01-07-2021","2,939.00","2,939.00","2,939.00","2,939.00","","0.31%"
"30-06-2021","2,930.00","2,930.00","2,930.00","2,930.00","","0.31%"
"29-06-2021","2,921.00","2,921.00","2,921.00","2,921.00","","0.76%"
"28-06-2021","2,899.00","2,899.00","2,899.00","2,899.00","","0.76%"
"25-06-2021","2,877.00","2,877.00","2,877.00","2,877.00","","0.45%"
"24-06-2021","2,864.00","2,864.00","2,864.00","2,864.00","","0.42%"
"23-06-2021","2,852.00","2,852.00","2,852.00","2,852.00","","0.42%"
"22-06-2021","2,840.00","2,840.00","2,840.00","2,840.00","","0.53%"
"21-06-2021","2,825.00","2,825.00","2,825.00","2,825.00","","0.82%"
"18-06-2021","2,802.00","2,802.00","2,802.00","2,802.00","","1.74%"
"17-06-2021","2,754.00","2,754.00","2,754.00","2,754.00","","1.51%"
"16-06-2021","2,713.00","2,713.00","2,713.00","2,713.00","","1.72%"
"15-06-2021","2,667.00","2,667.00","2,667.00","2,667.00","","1.64%"
"14-06-2021","2,624.00","2,624.00","2,624.00","2,624.00","","1.23%"
"11-06-2021","2,592.00","2,592.00","2,592.00","2,592.00","","1.57%"
"10-06-2021","2,552.00","2,552.00","2,552.00","2,552.00","","1.75%"
"09-06-2021","2,508.00","2,508.00","2,508.00","2,508.00","","1.17%"
"08-06-2021","2,479.00","2,479.00","2,479.00","2,479.00","","0.73%"
"07-06-2021","2,461.00","2,461.00","2,461.00","2,461.00","","0.49%"
"04-06-2021","2,449.00","2,449.00","2,449.00","2,449.00","","0.33%"
"03-06-2021","2,441.00","2,441.00","2,441.00","2,441.00","","-0.61%"
"02-06-2021","2,456.00","2,456.00","2,456.00","2,456.00","","0.04%"
"01-06-2021","2,455.00","2,455.00","2,455.00","2,455.00","","-1.96%"
"28-05-2021","2,504.00","2,504.00","2,504.00","2,504.00","","-0.63%"
"27-05-2021","2,520.00","2,520.00","2,520.00","2,520.00","","1.12%"
"26-05-2021","2,492.00","2,492.00","2,492.00","2,492.00","","1.71%"
"25-05-2021","2,450.00","2,450.00","2,450.00","2,450.00","","0.91%"
"24-05-2021","2,428.00","2,428.00","2,428.00","2,428.00","","0.83%"
"21-05-2021","2,408.00","2,408.00","2,408.00","2,408.00","","1.43%"
"20-05-2021","2,374.00","2,374.00","2,374.00","2,374.00","","1.28%"
"19-05-2021","2,344.00","2,344.00","2,344.00","2,344.00","","0.86%"
"18-05-2021","2,324.00","2,324.00","2,324.00","2,324.00","","0.61%"
"17-05-2021","2,310.00","2,310.00","2,310.00","2,310.00","","0.57%"
"14-05-2021","2,297.00","2,297.00","2,297.00","2,297.00","","0.61%"
"13-05-2021","2,283.00","2,283.00","2,283.00","2,283.00","","0.62%"
"12-05-2021","2,269.00","2,269.00","2,269.00","2,269.00","","1.07%"
"11-05-2021","2,245.00","2,245.00","2,245.00","2,245.00","","1.31%"
"10-05-2021","2,216.00","2,216.00","2,216.00","2,216.00","","0.91%"
"07-05-2021","2,196.00","2,196.00","2,196.00","2,196.00","","1.67%"
"06-05-2021","2,160.00","2,160.00","2,160.00","2,160.00","","1.17%"
"05-05-2021","2,135.00","2,135.00","2,135.00","2,135.00","","0.23%"
"04-05-2021","2,130.00","2,130.00","2,130.00","2,130.00","","-0.65%"
"30-04-2021","2,144.00","2,144.00","2,144.00","2,144.00","","-0.33%"
"29-04-2021","2,151.00","2,151.00","2,151.00","2,151.00","","0.51%"
"28-04-2021","2,140.00","2,140.00","2,140.00","2,140.00","","0.52%"
"27-04-2021","2,129.00","2,129.00","2,129.00","2,129.00","","1.00%"
"26-04-2021","2,108.00","2,108.00","2,108.00","2,108.00","","1.10%"
"23-04-2021","2,085.00","2,085.00","2,085.00","2,085.00","","2.36%"
"22-04-2021","2,037.00","2,037.00","2,037.00","2,037.00","","3.03%"
"21-04-2021","1,977.00","1,977.00","1,977.00","1,977.00","","2.70%"
"20-04-2021","1,925.00","1,925.00","1,925.00","1,925.00","","2.50%"
"19-04-2021","1,878.00","1,878.00","1,878.00","1,878.00","","1.57%"
"16-04-2021","1,849.00","1,849.00","1,849.00","1,849.00","","2.10%"
"15-04-2021","1,811.00","1,811.00","1,811.00","1,811.00","","1.57%"
"14-04-2021","1,783.00","1,783.00","1,783.00","1,783.00","","0.51%"
"13-04-2021","1,774.00","1,774.00","1,774.00","1,774.00","","0.00%"
"12-04-2021","1,774.00","1,774.00","1,774.00","1,774.00","","-0.34%"
"09-04-2021","1,780.00","1,780.00","1,780.00","1,780.00","","-0.34%"
"08-04-2021","1,786.00","1,786.00","1,786.00","1,786.00","","-0.33%"
"07-04-2021","1,792.00","1,792.00","1,792.00","1,792.00","","-0.94%"
"06-04-2021","1,809.00","1,809.00","1,809.00","1,809.00","","-1.68%"
"01-04-2021","1,840.00","1,840.00","1,840.00","1,840.00","","-1.66%"
"31-03-2021","1,871.00","1,871.00","1,871.00","1,871.00","","-2.35%"
"30-03-2021","1,916.00","1,916.00","1,916.00","1,916.00","","-1.79%"
"29-03-2021","1,951.00","1,951.00","1,951.00","1,951.00","","-1.61%"
"26-03-2021","1,983.00","1,983.00","1,983.00","1,983.00","","-1.88%"
"25-03-2021","2,021.00","2,021.00","2,021.00","2,021.00","","-3.02%"
"24-03-2021","2,084.00","2,084.00","2,084.00","2,084.00","","-1.98%"
"23-03-2021","2,126.00","2,126.00","2,126.00","2,126.00","","-0.33%"
"22-03-2021","2,133.00","2,133.00","2,133.00","2,133.00","","0.52%"
"19-03-2021","2,122.00","2,122.00","2,122.00","2,122.00","","0.38%"
"18-03-2021","2,114.00","2,114.00","2,114.00","2,114.00","","1.10%"
"17-03-2021","2,091.00","2,091.00","2,091.00","2,091.00","","0.58%"
"16-03-2021","2,079.00","2,079.00","2,079.00","2,079.00","","-0.19%"
"15-03-2021","2,083.00","2,083.00","2,083.00","2,083.00","","0.29%"
"12-03-2021","2,077.00","2,077.00","2,077.00","2,077.00","","1.27%"
"11-03-2021","2,051.00","2,051.00","2,051.00","2,051.00","","1.69%"
"10-03-2021","2,017.00","2,017.00","2,017.00","2,017.00","","2.44%"
"09-03-2021","1,969.00","1,969.00","1,969.00","1,969.00","","1.86%"
"08-03-2021","1,933.00","1,933.00","1,933.00","1,933.00","","0.83%"
"05-03-2021","1,917.00","1,917.00","1,917.00","1,917.00","","0.89%"
"04-03-2021","1,900.00","1,900.00","1,900.00","1,900.00","","0.58%"
"03-03-2021","1,889.00","1,889.00","1,889.00","1,889.00","","0.53%"
"02-03-2021","1,879.00","1,879.00","1,879.00","1,879.00","","0.00%"
"01-03-2021","1,879.00","1,879.00","1,879.00","1,879.00","","0.05%"
"26-02-2021","1,878.00","1,878.00","1,878.00","1,878.00","","0.64%"
"25-02-2021","1,866.00","1,866.00","1,866.00","1,866.00","","2.41%"
"24-02-2021","1,822.00","1,822.00","1,822.00","1,822.00","","4.47%"
"23-02-2021","1,744.00","1,744.00","1,744.00","1,744.00","","9.14%"
"22-02-2021","1,598.00","1,598.00","1,598.00","1,598.00","","5.62%"
"19-02-2021","1,513.00","1,513.00","1,513.00","1,513.00","","5.00%"
"18-02-2021","1,441.00","1,441.00","1,441.00","1,441.00","","7.54%"
"17-02-2021","1,340.00","1,340.00","1,340.00","1,340.00","","6.18%"
"16-02-2021","1,262.00","1,262.00","1,262.00","1,262.00","","2.44%"
"15-02-2021","1,232.00","1,232.00","1,232.00","1,232.00","","1.23%"
"12-02-2021","1,217.00","1,217.00","1,217.00","1,217.00","","1.67%"
"11-02-2021","1,197.00","1,197.00","1,197.00","1,197.00","","1.87%"
"10-02-2021","1,175.00","1,175.00","1,175.00","1,175.00","","1.64%"
"09-02-2021","1,156.00","1,156.00","1,156.00","1,156.00","","0.61%"
"08-02-2021","1,149.00","1,149.00","1,149.00","1,149.00","","0.44%"
"05-02-2021","1,144.00","1,144.00","1,144.00","1,144.00","","0.44%"
"04-02-2021","1,139.00","1,139.00","1,139.00","1,139.00","","-0.18%"
"03-02-2021","1,141.00","1,141.00","1,141.00","1,141.00","","-0.70%"
"02-02-2021","1,149.00","1,149.00","1,149.00","1,149.00","","-1.12%"
"01-02-2021","1,162.00","1,162.00","1,162.00","1,162.00","","-0.26%"
"29-01-2021","1,165.00","1,165.00","1,165.00","1,165.00","","-0.09%"
"28-01-2021","1,166.00","1,166.00","1,166.00","1,166.00","","0.26%"
"27-01-2021","1,163.00","1,163.00","1,163.00","1,163.00","","0.43%"
"26-01-2021","1,158.00","1,158.00","1,158.00","1,158.00","","0.52%"
"25-01-2021","1,152.00","1,152.00","1,152.00","1,152.00","","0.88%"
"22-01-2021","1,142.00","1,142.00","1,142.00","1,142.00","","0.79%"
"21-01-2021","1,133.00","1,133.00","1,133.00","1,133.00","","1.25%"
"20-01-2021","1,119.00","1,119.00","1,119.00","1,119.00","","1.36%"
"19-01-2021","1,104.00","1,104.00","1,104.00","1,104.00","","0.73%"
"18-01-2021","1,096.00","1,096.00","1,096.00","1,096.00","","0.92%"
"15-01-2021","1,086.00","1,086.00","1,086.00","1,086.00","","0.56%"
"14-01-2021","1,080.00","1,080.00","1,080.00","1,080.00","","1.22%"
"13-01-2021","1,067.00","1,067.00","1,067.00","1,067.00","","1.14%"
"12-01-2021","1,055.00","1,055.00","1,055.00","1,055.00","","1.54%"
"11-01-2021","1,039.00","1,039.00","1,039.00","1,039.00","","0.97%"
"08-01-2021","1,029.00","1,029.00","1,029.00","1,029.00","","0.59%"
"07-01-2021","1,023.00","1,023.00","1,023.00","1,023.00","","0.10%"
"06-01-2021","1,022.00","1,022.00","1,022.00","1,022.00","","0.00%"
"05-01-2021","1,022.00","1,022.00","1,022.00","1,022.00","","-0.58%"
"04-01-2021","1,028.00","1,028.00","1,028.00","1,028.00","","-1.06%"
"24-12-2020","1,039.00","1,039.00","1,039.00","1,039.00","","-0.76%"
"23-12-2020","1,047.00","1,047.00","1,047.00","1,047.00","","-0.10%"
"22-12-2020","1,048.00","1,048.00","1,048.00","1,048.00","","-0.57%"
"21-12-2020","1,054.00","1,054.00","1,054.00","1,054.00","","-0.28%"
"18-12-2020","1,057.00","1,057.00","1,057.00","1,057.00","","0.00%"
"17-12-2020","1,057.00","1,057.00","1,057.00","1,057.00","","0.28%"
"16-12-2020","1,054.00","1,054.00","1,054.00","1,054.00","","0.76%"
"15-12-2020","1,046.00","1,046.00","1,046.00","1,046.00","","0.77%"
"14-12-2020","1,038.00","1,038.00","1,038.00","1,038.00","","0.68%"
"11-12-2020","1,031.00","1,031.00","1,031.00","1,031.00","","0.78%"
"10-12-2020","1,023.00","1,023.00","1,023.00","1,023.00","","0.59%"
"09-12-2020","1,017.00","1,017.00","1,017.00","1,017.00","","0.49%"
"08-12-2020","1,012.00","1,012.00","1,012.00","1,012.00","","0.10%"
"07-12-2020","1,011.00","1,011.00","1,011.00","1,011.00","","0.00%"
"04-12-2020","1,011.00","1,011.00","1,011.00","1,011.00","","-0.39%"
"03-12-2020","1,015.00","1,015.00","1,015.00","1,015.00","","-0.39%"
"02-12-2020","1,019.00","1,019.00","1,019.00","1,019.00","","-0.10%"
"01-12-2020","1,020.00","1,020.00","1,020.00","1,020.00","","-0.20%"
"30-11-2020","1,022.00","1,022.00","1,022.00","1,022.00","","0.39%"
"27-11-2020","1,018.00","1,018.00","1,018.00","1,018.00","","0.69%"
"26-11-2020","1,011.00","1,011.00","1,011.00","1,011.00","","1.61%"
"25-11-2020","995.00","995.00","995.00","995.00","","2.26%"
"24-11-2020","973.00","973.00","973.00","973.00","","2.21%"
"23-11-2020","952.00","952.00","952.00","952.00","","2.37%"
"20-11-2020","930.00","930.00","930.00","930.00","","1.64%"
"19-11-2020","915.00","915.00","915.00","915.00","","1.67%"
"18-11-2020","900.00","900.00","900.00","900.00","","1.35%"
"17-11-2020","888.00","888.00","888.00","888.00","","0.45%"
"16-11-2020","884.00","884.00","884.00","884.00","","0.00%"
"13-11-2020","884.00","884.00","884.00","884.00","","0.00%"
"12-11-2020","884.00","884.00","884.00","884.00","","0.23%"
"11-11-2020","882.00","882.00","882.00","882.00","","-0.68%"
"10-11-2020","888.00","888.00","888.00","888.00","","-0.56%"
"09-11-2020","893.00","893.00","893.00","893.00","","-0.89%"
"06-11-2020","901.00","901.00","901.00","901.00","","-1.21%"
"05-11-2020","912.00","912.00","912.00","912.00","","-1.08%"
"04-11-2020","922.00","922.00","922.00","922.00","","-1.07%"
"03-11-2020","932.00","932.00","932.00","932.00","","-1.17%"
"02-11-2020","943.00","943.00","943.00","943.00","","-0.63%"
"30-10-2020","949.00","949.00","949.00","949.00","","-0.94%"
"29-10-2020","958.00","958.00","958.00","958.00","","-0.42%"
"28-10-2020","962.00","962.00","962.00","962.00","","-0.62%"
"27-10-2020","968.00","968.00","968.00","968.00","","-0.41%"
"26-10-2020","972.00","972.00","972.00","972.00","","0.00%"
"23-10-2020","972.00","972.00","972.00","972.00","","0.00%"
"22-10-2020","972.00","972.00","972.00","972.00","","0.00%"
"21-10-2020","972.00","972.00","972.00","972.00","","-0.10%"
"20-10-2020","973.00","973.00","973.00","973.00","","-0.31%"
"19-10-2020","976.00","976.00","976.00","976.00","","0.00%"
"16-10-2020","976.00","976.00","976.00","976.00","","-0.10%"
"15-10-2020","977.00","977.00","977.00","977.00","","-0.31%"
"14-10-2020","980.00","980.00","980.00","980.00","","-0.20%"
"13-10-2020","982.00","982.00","982.00","982.00","","0.00%"
"12-10-2020","982.00","982.00","982.00","982.00","","0.00%"
"09-10-2020","982.00","982.00","982.00","982.00","","-0.20%"
"08-10-2020","984.00","984.00","984.00","984.00","","-0.10%"
"07-10-2020","985.00","985.00","985.00","985.00","","0.00%"
"06-10-2020","985.00","985.00","985.00","985.00","","-0.30%"
"05-10-2020","988.00","988.00","988.00","988.00","","-0.30%"
"02-10-2020","991.00","991.00","991.00","991.00","","-0.10%"
"01-10-2020","992.00","992.00","992.00","992.00","","-0.30%"
"30-09-2020","995.00","995.00","995.00","995.00","","-0.40%"
"29-09-2020","999.00","999.00","999.00","999.00","","0.10%"
"28-09-2020","998.00","998.00","998.00","998.00","","0.60%"
"25-09-2020","992.00","992.00","992.00","992.00","","0.92%"
"24-09-2020","983.00","983.00","983.00","983.00","","1.24%"
"23-09-2020","971.00","971.00","971.00","971.00","","1.15%"
"22-09-2020","960.00","960.00","960.00","960.00","","1.05%"
"21-09-2020","950.00","950.00","950.00","950.00","","0.96%"
"18-09-2020","941.00","941.00","941.00","941.00","","1.18%"
"17-09-2020","930.00","930.00","930.00","930.00","","0.98%"
"16-09-2020","921.00","921.00","921.00","921.00","","0.99%"
"15-09-2020","912.00","912.00","912.00","912.00","","-0.22%"
"14-09-2020","914.00","914.00","914.00","914.00","","-0.33%"
"11-09-2020","917.00","917.00","917.00","917.00","","-0.65%"
"10-09-2020","923.00","923.00","923.00","923.00","","-0.86%"
"09-09-2020","931.00","931.00","931.00","931.00","","-1.06%"
"08-09-2020","941.00","941.00","941.00","941.00","","-0.84%"
"07-09-2020","949.00","949.00","949.00","949.00","","-0.42%"
"04-09-2020","953.00","953.00","953.00","953.00","","-0.52%"
"03-09-2020","958.00","958.00","958.00","958.00","","-0.10%"
"02-09-2020","959.00","959.00","959.00","959.00","","0.10%"
"01-09-2020","958.00","958.00","958.00","958.00","","0.00%"
"28-08-2020","958.00","958.00","958.00","958.00","","0.00%"
"27-08-2020","958.00","958.00","958.00","958.00","","-0.21%"
"26-08-2020","960.00","960.00","960.00","960.00","","-0.41%"
"25-08-2020","964.00","964.00","964.00","964.00","","-0.10%"
"24-08-2020","965.00","965.00","965.00","965.00","","0.31%"
"21-08-2020","962.00","962.00","962.00","962.00","","0.52%"
"20-08-2020","957.00","957.00","957.00","957.00","","0.31%"
"19-08-2020","954.00","954.00","954.00","954.00","","0.53%"
"18-08-2020","949.00","949.00","949.00","949.00","","0.64%"
"17-08-2020","943.00","943.00","943.00","943.00","","1.73%"
"14-08-2020","927.00","927.00","927.00","927.00","","1.76%"
"13-08-2020","911.00","911.00","911.00","911.00","","2.02%"
"12-08-2020","893.00","893.00","893.00","893.00","","1.59%"
"11-08-2020","879.00","879.00","879.00","879.00","","1.38%"
"10-08-2020","867.00","867.00","867.00","867.00","","1.40%"
"07-08-2020","855.00","855.00","855.00","855.00","","0.94%"
"06-08-2020","847.00","847.00","847.00","847.00","","0.36%"
"05-08-2020","844.00","844.00","844.00","844.00","","-0.82%"
"04-08-2020","851.00","851.00","851.00","851.00","","-1.28%"
"03-08-2020","862.00","862.00","862.00","862.00","","-0.92%"
"31-07-2020","870.00","870.00","870.00","870.00","","-0.91%"
"30-07-2020","878.00","878.00","878.00","878.00","","-1.35%"
"29-07-2020","890.00","890.00","890.00","890.00","","-0.78%"
"28-07-2020","897.00","897.00","897.00","897.00","","-0.99%"
"27-07-2020","906.00","906.00","906.00","906.00","","-0.98%"
"24-07-2020","915.00","915.00","915.00","915.00","","-1.08%"
"23-07-2020","925.00","925.00","925.00","925.00","","-0.75%"
"22-07-2020","932.00","932.00","932.00","932.00","","0.32%"
"21-07-2020","929.00","929.00","929.00","929.00","","0.98%"
"20-07-2020","920.00","920.00","920.00","920.00","","1.10%"
"17-07-2020","910.00","910.00","910.00","910.00","","1.22%"
"16-07-2020","899.00","899.00","899.00","899.00","","1.01%"
"15-07-2020","890.00","890.00","890.00","890.00","","1.71%"
"14-07-2020","875.00","875.00","875.00","875.00","","2.22%"
"13-07-2020","856.00","856.00","856.00","856.00","","2.51%"
"10-07-2020","835.00","835.00","835.00","835.00","","3.21%"
"09-07-2020","809.00","809.00","809.00","809.00","","4.66%"
"08-07-2020","773.00","773.00","773.00","773.00","","6.62%"
"07-07-2020","725.00","725.00","725.00","725.00","","2.40%"
"06-07-2020","708.00","708.00","708.00","708.00","","1.00%"
"03-07-2020","701.00","701.00","701.00","701.00","","1.15%"
"02-07-2020","693.00","693.00","693.00","693.00","","1.02%"
"01-07-2020","686.00","686.00","686.00","686.00","","0.44%"
"30-06-2020","683.00","683.00","683.00","683.00","","0.59%"
"29-06-2020","679.00","679.00","679.00","679.00","","0.15%"
"26-06-2020","678.00","678.00","678.00","678.00","","0.00%"
"25-06-2020","678.00","678.00","678.00","678.00","","0.59%"
"24-06-2020","674.00","674.00","674.00","674.00","","1.05%"
"23-06-2020","667.00","667.00","667.00","667.00","","0.76%"
"22-06-2020","662.00","662.00","662.00","662.00","","0.76%"
"19-06-2020","657.00","657.00","657.00","657.00","","1.39%"
"18-06-2020","648.00","648.00","648.00","648.00","","2.21%"
"17-06-2020","634.00","634.00","634.00","634.00","","1.60%"
"16-06-2020","624.00","624.00","624.00","624.00","","1.96%"
"15-06-2020","612.00","612.00","612.00","612.00","","2.51%"
"12-06-2020","597.00","597.00","597.00","597.00","","3.83%"
"11-06-2020","575.00","575.00","575.00","575.00","","3.42%"
"10-06-2020","556.00","556.00","556.00","556.00","","4.51%"
"09-06-2020","532.00","532.00","532.00","532.00","","3.30%"
"08-06-2020","515.00","515.00","515.00","515.00","","1.58%"
"05-06-2020","507.00","507.00","507.00","507.00","","1.60%"
"04-06-2020","499.00","499.00","499.00","499.00","","1.01%"
"03-06-2020","494.00","494.00","494.00","494.00","","-0.20%"
"02-06-2020","495.00","495.00","495.00","495.00","","-0.40%"
"01-06-2020","497.00","497.00","497.00","497.00","","-0.60%"
"29-05-2020","500.00","500.00","500.00","500.00","","-0.40%"
"28-05-2020","502.00","502.00","502.00","502.00","","0.40%"
"27-05-2020","500.00","500.00","500.00","500.00","","1.01%"
"26-05-2020","495.00","495.00","495.00","495.00","","1.85%"
"22-05-2020","486.00","486.00","486.00","486.00","","1.67%"
"21-05-2020","478.00","478.00","478.00","478.00","","1.49%"
"20-05-2020","471.00","471.00","471.00","471.00","","1.95%"
"19-05-2020","462.00","462.00","462.00","462.00","","1.32%"
"18-05-2020","456.00","456.00","456.00","456.00","","1.33%"
"15-05-2020","450.00","450.00","450.00","450.00","","0.90%"
"14-05-2020","446.00","446.00","446.00","446.00","","1.36%"
"13-05-2020","440.00","440.00","440.00","440.00","","1.38%"
"12-05-2020","434.00","434.00","434.00","434.00","","0.70%"
"11-05-2020","431.00","431.00","431.00","431.00","","1.89%"
"07-05-2020","423.00","423.00","423.00","423.00","","0.71%"
"06-05-2020","420.00","420.00","420.00","420.00","","0.72%"
"05-05-2020","417.00","417.00","417.00","417.00","","0.24%"
"04-05-2020","416.00","416.00","416.00","416.00","","0.73%"
"01-05-2020","413.00","413.00","413.00","413.00","","0.73%"
"30-04-2020","410.00","410.00","410.00","410.00","","1.49%"
"29-04-2020","404.00","404.00","404.00","404.00","","1.76%"
"28-04-2020","397.00","397.00","397.00","397.00","","1.28%"
"27-04-2020","392.00","392.00","392.00","392.00","","1.03%"
"24-04-2020","388.00","388.00","388.00","388.00","","1.31%"
"23-04-2020","383.00","383.00","383.00","383.00","","-0.26%"
"22-04-2020","384.00","384.00","384.00","384.00","","-1.54%"
"21-04-2020","390.00","390.00","390.00","390.00","","-2.01%"
"20-04-2020","398.00","398.00","398.00","398.00","","-1.49%"
"17-04-2020","404.00","404.00","404.00","404.00","","-1.70%"
"16-04-2020","411.00","411.00","411.00","411.00","","-1.91%"
"15-04-2020","419.00","419.00","419.00","419.00","","-2.33%"
"14-04-2020","429.00","429.00","429.00","429.00","","-2.72%"
"09-04-2020","441.00","441.00","441.00","441.00","","-2.86%"
"08-04-2020","454.00","454.00","454.00","454.00","","-3.81%"
"07-04-2020","472.00","472.00","472.00","472.00","","-2.68%"
"06-04-2020","485.00","485.00","485.00","485.00","","-2.02%"
"03-04-2020","495.00","495.00","495.00","495.00","","-3.51%"
"02-04-2020","513.00","513.00","513.00","513.00","","-4.11%"
"01-04-2020","535.00","535.00","535.00","535.00","","-5.81%"
"31-03-2020","568.00","568.00","568.00","568.00","","-6.27%"
"30-03-2020","606.00","606.00","606.00","606.00","","-5.46%"
"27-03-2020","641.00","641.00","641.00","641.00","","-5.04%"
"26-03-2020","675.00","675.00","675.00","675.00","","-3.85%"
"25-03-2020","702.00","702.00","702.00","702.00","","-2.50%"
"24-03-2020","720.00","720.00","720.00","720.00","","-1.64%"
"23-03-2020","732.00","732.00","732.00","732.00","","-1.21%"
"20-03-2020","741.00","741.00","741.00","741.00","","-0.94%"
"19-03-2020","748.00","748.00","748.00","748.00","","-0.93%"
"18-03-2020","755.00","755.00","755.00","755.00","","0.13%"
"17-03-2020","754.00","754.00","754.00","754.00","","0.00%"
"16-03-2020","754.00","754.00","754.00","754.00","","0.53%"
"13-03-2020","750.00","750.00","750.00","750.00","","0.67%"
"12-03-2020","745.00","745.00","745.00","745.00","","1.36%"
"11-03-2020","735.00","735.00","735.00","735.00","","1.80%"
"10-03-2020","722.00","722.00","722.00","722.00","","2.56%"
"09-03-2020","704.00","704.00","704.00","704.00","","2.33%"
"06-03-2020","688.00","688.00","688.00","688.00","","2.53%"
"05-03-2020","671.00","671.00","671.00","671.00","","3.87%"
"04-03-2020","646.00","646.00","646.00","646.00","","2.05%"
"03-03-2020","633.00","633.00","633.00","633.00","","1.93%"
"02-03-2020","621.00","621.00","621.00","621.00","","2.48%"
"28-02-2020","606.00","606.00","606.00","606.00","","2.71%"
"27-02-2020","590.00","590.00","590.00","590.00","","2.25%"
"26-02-2020","577.00","577.00","577.00","577.00","","2.85%"
"25-02-2020","561.00","561.00","561.00","561.00","","3.31%"
"24-02-2020","543.00","543.00","543.00","543.00","","3.63%"
"21-02-2020","524.00","524.00","524.00","524.00","","3.76%"
"20-02-2020","505.00","505.00","505.00","505.00","","3.27%"
"19-02-2020","489.00","489.00","489.00","489.00","","1.66%"
"18-02-2020","481.00","481.00","481.00","481.00","","1.48%"
"17-02-2020","474.00","474.00","474.00","474.00","","0.85%"
"14-02-2020","470.00","470.00","470.00","470.00","","0.43%"
"13-02-2020","468.00","468.00","468.00","468.00","","-0.85%"
"12-02-2020","472.00","472.00","472.00","472.00","","-1.05%"
"11-02-2020","477.00","477.00","477.00","477.00","","-1.45%"
"10-02-2020","484.00","484.00","484.00","484.00","","-1.43%"
"07-02-2020","491.00","491.00","491.00","491.00","","-2.96%"
"06-02-2020","506.00","506.00","506.00","506.00","","-1.17%"
"05-02-2020","512.00","512.00","512.00","512.00","","-1.16%"
"04-02-2020","518.00","518.00","518.00","518.00","","-0.58%"
"03-02-2020","521.00","521.00","521.00","521.00","","-0.57%"
"31-01-2020","524.00","524.00","524.00","524.00","","-0.76%"
"30-01-2020","528.00","528.00","528.00","528.00","","-0.94%"
"29-01-2020","533.00","533.00","533.00","533.00","","-0.93%"
"28-01-2020","538.00","538.00","538.00","538.00","","-0.74%"
"27-01-2020","542.00","542.00","542.00","542.00","","-0.18%"
"24-01-2020","543.00","543.00","543.00","543.00","","-0.55%"
"23-01-2020","546.00","546.00","546.00","546.00","","-0.73%"
"22-01-2020","550.00","550.00","550.00","550.00","","-1.08%"
"21-01-2020","556.00","556.00","556.00","556.00","","-0.71%"
"20-01-2020","560.00","560.00","560.00","560.00","","0.00%"
"17-01-2020","560.00","560.00","560.00","560.00","","0.18%"
"16-01-2020","559.00","559.00","559.00","559.00","","0.00%"
"15-01-2020","559.00","559.00","559.00","559.00","","-0.71%"
"14-01-2020","563.00","563.00","563.00","563.00","","-0.53%"
"13-01-2020","566.00","566.00","566.00","566.00","","-0.70%"
"10-01-2020","570.00","570.00","570.00","570.00","","-1.89%"
"09-01-2020","581.00","581.00","581.00","581.00","","-2.02%"
"08-01-2020","593.00","593.00","593.00","593.00","","-2.95%"
"07-01-2020","611.00","611.00","611.00","611.00","","-4.83%"
"06-01-2020","642.00","642.00","642.00","642.00","","-3.02%"
"03-01-2020","662.00","662.00","662.00","662.00","","-3.36%"
"02-01-2020","685.00","685.00","685.00","685.00","","-4.60%"